date,vwretd,ewretd,sprtrn
2016-01-04,-0.014891,-0.012347,-0.015304
2016-01-05,0.001397,0.000358,0.002012
2016-01-06,-0.013799,-0.013461,-0.013115
2016-01-07,-0.023909,-0.024817,-0.0237
2016-01-08,-0.010935,-0.01028,-0.010838
2016-01-11,-0.001736,-0.01147,0.000853
2016-01-12,0.006081,-0.002801,0.007803
2016-01-13,-0.025834,-0.025334,-0.024965
2016-01-14,0.015434,0.011798,0.016696
2016-01-15,-0.02167,-0.021013,-0.021599
2016-01-19,-0.002414,-0.01155,0.000532
2016-01-20,-0.010584,-0.006012,-0.011694
2016-01-21,0.005654,0.009705,0.005195
2016-01-22,0.022476,0.024274,0.020284
2016-01-25,-0.016673,-0.015854,-0.015638
2016-01-26,0.015919,0.016783,0.014144
2016-01-27,-0.010546,-0.007908,-0.010864
2016-01-28,0.005035,0.003096,0.005529
2016-01-29,0.024547,0.022985,0.02476
2016-02-01,-0.000351,-0.001283,-0.000443
2016-02-02,-0.020022,-0.018987,-0.018743
2016-02-03,0.005729,0.005886,0.004992
2016-02-04,0.003623,0.00747,0.001527
2016-02-05,-0.019591,-0.017767,-0.018481
2016-02-08,-0.016964,-0.019847,-0.014154
2016-02-09,-0.003067,-0.010316,-0.000664
2016-02-10,0.000273,-0.000341,-0.000189
2016-02-11,-0.011979,-0.010969,-0.012301
2016-02-12,0.020132,0.017355,0.019518
2016-02-16,0.017684,0.018596,0.016517
2016-02-17,0.018099,0.020475,0.01648
2016-02-18,-0.004199,-0.003082,-0.004666
2016-02-19,-0.000231,-0.000172,-2.6e-05
2016-02-22,0.014305,0.01412,0.014454
2016-02-23,-0.011789,-0.0104,-0.012454
2016-02-24,0.004963,0.0054,0.00444
2016-02-25,0.011044,0.006034,0.011348
2016-02-26,0.000283,0.006814,-0.00187
2016-02-29,-0.005893,0.001118,-0.008121
2016-03-01,0.022404,0.015678,0.023869
2016-03-02,0.005674,0.012915,0.004094
2016-03-03,0.005603,0.011133,0.003499
2016-03-04,0.004192,0.009375,0.003306
2016-03-07,0.003223,0.015463,0.000885
2016-03-08,-0.01354,-0.018193,-0.01124
2016-03-09,0.005555,0.005671,0.005052
2016-03-10,-0.001281,-0.004424,0.000156
2016-03-11,0.017442,0.016288,0.016396
2016-03-14,-0.001576,0.000194,-0.001261
2016-03-15,-0.004458,-0.012586,-0.001837
2016-03-16,0.007493,0.008931,0.0056
2016-03-17,0.00825,0.011653,0.006595
2016-03-18,0.003879,0.004755,0.004406
2016-03-21,0.000503,0.001397,0.000986
2016-03-22,-0.000372,-8e-05,-0.000877
2016-03-23,-0.00945,-0.01627,-0.006386
2016-03-24,-0.000141,0.001314,-0.000378
2016-03-28,0.000806,-0.000773,0.000545
2016-03-29,0.011053,0.013285,0.008817
2016-03-30,0.004467,0.00449,0.00435
2016-03-31,-0.000868,0.001595,-0.00204
2016-04-01,0.004664,0.00147,0.006331
2016-04-04,-0.004391,-0.004635,-0.003208
2016-04-05,-0.010012,-0.00795,-0.010145
2016-04-06,0.011074,0.010785,0.010508
2016-04-07,-0.011653,-0.0087,-0.011976
2016-04-08,0.004327,0.006507,0.002787
2016-04-11,-0.001833,0.002527,-0.00274
2016-04-12,0.010399,0.010825,0.009662
2016-04-13,0.011323,0.014055,0.01004
2016-04-14,-0.000462,-0.000171,0.000173
2016-04-15,-0.000565,0.000183,-0.000984
2016-04-18,0.006766,0.006411,0.006541
2016-04-19,0.00449,0.006447,0.003085
2016-04-20,0.001225,0.002083,0.000762
2016-04-21,-0.005273,-0.002437,-0.005194
2016-04-22,0.001835,0.005726,4.8e-05
2016-04-25,-0.002787,-0.004835,-0.001812
2016-04-26,0.003357,0.006571,0.001873
2016-04-27,0.002651,0.00482,0.001649
2016-04-28,-0.008569,-0.005092,-0.009231
2016-04-29,-0.004465,-0.003775,-0.005063
2016-05-02,0.006733,0.00194,0.00781
2016-05-03,-0.011101,-0.012701,-0.008677
2016-05-04,-0.006171,-0.006506,-0.005937
2016-05-05,-0.000444,-0.002793,-0.000239
2016-05-06,0.003519,0.001418,0.003175
2016-05-09,-0.0002,-0.002075,0.000753
2016-05-10,0.012298,0.008524,0.012484
2016-05-11,-0.008295,-0.00574,-0.009562
2016-05-12,-0.000776,-0.007274,-0.00017
2016-05-13,-0.007964,-0.004728,-0.008478
2016-05-16,0.01021,0.008839,0.009797
2016-05-17,-0.008591,-0.00752,-0.009411
2016-05-18,-0.000812,-0.001407,0.000205
2016-05-19,-0.003791,-0.00632,-0.003707
2016-05-20,0.007642,0.010403,0.006019
2016-05-23,-0.00179,0.00197,-0.002085
2016-05-24,0.013114,0.011284,0.013681
2016-05-25,0.007321,0.008136,0.006975
2016-05-26,-0.000158,-0.000718,-0.00021
2016-05-27,0.004415,0.004876,0.004287
2016-05-31,-0.000348,0.00328,-0.001
2016-06-01,0.002367,0.005121,0.00113
2016-06-02,0.003603,0.004049,0.002825
2016-06-03,-0.001949,-8.6e-05,-0.002912
2016-06-06,0.006131,0.010977,0.004897
2016-06-07,0.002122,0.004184,0.001289
2016-06-08,0.003565,0.006503,0.003309
2016-06-09,-0.002816,-0.005592,-0.001718
2016-06-10,-0.011232,-0.013732,-0.009175
2016-06-13,-0.008135,-0.009599,-0.008115
2016-06-14,-0.00278,-0.005217,-0.001799
2016-06-15,-0.000492,0.003866,-0.001841
2016-06-16,0.001908,-0.002101,0.003133
2016-06-17,-0.001748,0.001622,-0.003258
2016-06-20,0.007279,0.010065,0.005808
2016-06-21,0.002334,-0.001065,0.002712
2016-06-22,-0.001865,-0.002201,-0.001652
2016-06-23,0.014415,0.014344,0.013364
2016-06-24,-0.036628,-0.030438,-0.03592
2016-06-27,-0.02032,-0.025568,-0.018097
2016-06-28,0.018044,0.018965,0.01777
2016-06-29,0.0176,0.016154,0.017033
2016-06-30,0.013181,0.009829,0.013565
2016-07-01,0.00301,0.007658,0.001949
2016-07-05,-0.008225,-0.011081,-0.006848
2016-07-06,0.005437,0.004363,0.005353
2016-07-07,-0.00069,0.00108,-0.000872
2016-07-08,0.015478,0.016923,0.015253
2016-07-11,0.00421,0.006845,0.003409
2016-07-12,0.007923,0.01066,0.007009
2016-07-13,-0.000232,-0.002455,0.000135
2016-07-14,0.004685,0.002044,0.005259
2016-07-15,-0.000803,0.00104,-0.000929
2016-07-18,0.002602,0.003147,0.002382
2016-07-19,-0.002363,-0.004728,-0.001435
2016-07-20,0.004629,0.0062,0.00427
2016-07-21,-0.003322,-0.001336,-0.003612
2016-07-22,0.0045,0.004519,0.004554
2016-07-25,-0.003154,-0.003686,-0.003011
2016-07-26,0.001613,0.004149,0.000323
2016-07-27,-0.001242,0.001903,-0.001199
2016-07-28,0.001673,-8.1e-05,0.001606
2016-07-29,0.00263,0.003096,0.001631
2016-08-01,-0.002254,-0.002145,-0.00127
2016-08-02,-0.007105,-0.008437,-0.006362
2016-08-03,0.004385,0.007186,0.003134
2016-08-04,0.000814,0.002477,0.000213
2016-08-05,0.008058,0.008416,0.008603
2016-08-08,0.000104,0.002446,-0.000907
2016-08-09,0.001069,0.00082,0.00039
2016-08-10,-0.002555,-0.004809,-0.002865
2016-08-11,0.004818,0.005221,0.004735
2016-08-12,-0.000494,0.000413,-0.000796
2016-08-15,0.004008,0.006996,0.002793
2016-08-16,-0.005477,-0.003704,-0.005479
2016-08-17,0.001044,-0.001398,0.001869
2016-08-18,0.003387,0.005747,0.0022
2016-08-19,-0.001828,-0.001545,-0.00144
2016-08-22,-0.000427,0.000429,-0.000563
2016-08-23,0.002825,0.004417,0.001952
2016-08-24,-0.006035,-0.007102,-0.00524
2016-08-25,-0.000675,-8e-06,-0.001365
2016-08-26,-0.001829,-0.001858,-0.001579
2016-08-29,0.005225,0.005103,0.005228
2016-08-30,-0.001514,-0.000376,-0.001954
2016-08-31,-0.002578,-0.00381,-0.002376
2016-09-01,0.000748,0.000703,-4.1e-05
2016-09-02,0.005882,0.007864,0.004201
2016-09-06,0.003391,0.005607,0.002982
2016-09-07,0.000821,0.002865,-0.000146
2016-09-08,-0.002078,0.001986,-0.002223
2016-09-09,-0.02501,-0.023198,-0.024522
2016-09-12,0.01334,0.008237,0.014677
2016-09-13,-0.015849,-0.015948,-0.014831
2016-09-14,-0.000526,0.000174,-0.000588
2016-09-15,0.010099,0.007968,0.010109
2016-09-16,-0.003865,-0.001614,-0.003772
2016-09-19,0.001385,0.003709,-1.9e-05
2016-09-20,-0.000363,0.000419,0.000299
2016-09-21,0.011864,0.011189,0.010917
2016-09-22,0.007814,0.0098,0.0065
2016-09-23,-0.00594,-0.004156,-0.005737
2016-09-26,-0.008221,-0.007691,-0.008588
2016-09-27,0.0051,0.002947,0.006444
2016-09-28,0.00671,0.007085,0.005296
2016-09-29,-0.009216,-0.008468,-0.009321
2016-09-30,0.00783,0.007534,0.007968
2016-10-03,-0.00305,-0.000568,-0.003261
2016-10-04,-0.0056,-0.006696,-0.004956
2016-10-05,0.00494,0.005995,0.004297
2016-10-06,-0.000753,-0.002994,0.000482
2016-10-07,-0.003829,-0.004779,-0.003253
2016-10-10,0.005594,0.006899,0.004606
2016-10-11,-0.012616,-0.013027,-0.012447
2016-10-12,0.000932,-0.001019,0.001147
2016-10-13,-0.003327,-0.006476,-0.003099
2016-10-14,-0.000324,-0.001768,0.000202
2016-10-17,-0.002525,-0.00312,-0.003038
2016-10-18,0.006561,0.005962,0.00616
2016-10-19,0.003002,0.004693,0.002192
2016-10-20,-0.001641,-0.000316,-0.001376
2016-10-21,-0.000113,-0.000547,-8.4e-05
2016-10-24,0.004434,0.001843,0.00475
2016-10-25,-0.004367,-0.005666,-0.003798
2016-10-26,-0.002777,-0.005722,-0.00174
2016-10-27,-0.003986,-0.007623,-0.002987
2016-10-28,-0.002573,-0.003867,-0.003108
2016-10-31,0.00043,-0.001156,-0.000122
2016-11-01,-0.006771,-0.007474,-0.006787
2016-11-02,-0.00768,-0.010496,-0.006525
2016-11-03,-0.00394,-0.007025,-0.004423
2016-11-04,-0.00124,0.000766,-0.001666
2016-11-07,0.020927,0.016052,0.022224
2016-11-08,0.003884,0.00283,0.003772
2016-11-09,0.012048,0.015719,0.011077
2016-11-10,0.001979,0.006015,0.001951
2016-11-11,0.000261,0.00881,-0.001398
2016-11-14,0.002384,0.005926,-0.000116
2016-11-15,0.007902,0.007643,0.007481
2016-11-16,-0.001517,0.001919,-0.001582
2016-11-17,0.004607,0.003058,0.004676
2016-11-18,-0.001358,0.001402,-0.002387
2016-11-21,0.007769,0.006572,0.007461
2016-11-22,0.003038,0.004434,0.002165
2016-11-23,0.000943,0.002052,0.000808
2016-11-25,0.003636,0.004302,0.003914
2016-11-28,-0.005935,-0.006371,-0.005254
2016-11-29,0.00096,-0.001862,0.001335
2016-11-30,-0.001561,-0.000985,-0.002653
2016-12-01,-0.004207,-0.00585,-0.003516
2016-12-02,0.000701,0.001674,0.000397
2016-12-05,0.007299,0.010742,0.005821
2016-12-06,0.004758,0.007267,0.003411
2016-12-07,0.012388,0.007856,0.013163
2016-12-08,0.003744,0.008256,0.002159
2016-12-09,0.003907,0.002253,0.005939
2016-12-12,-0.002453,-0.005935,-0.001137
2016-12-13,0.005763,0.001855,0.00654
2016-12-14,-0.009619,-0.01084,-0.008117
2016-12-15,0.003588,0.002157,0.003883
2016-12-16,-0.001159,0.001436,-0.001751
2016-12-19,0.002094,0.002677,0.001975
2016-12-20,0.00431,0.004266,0.003638
2016-12-21,-0.002494,-0.002134,-0.002457
2016-12-22,-0.002734,-0.004958,-0.001863
2016-12-23,0.001844,0.0049,0.001252
2016-12-27,0.002518,0.003182,0.002248
2016-12-28,-0.007978,-0.007213,-0.008357
2016-12-29,0.000587,0.001377,-0.000293
2016-12-30,-0.004036,-0.001826,-0.004637
2017-01-03,0.008205,0.009122,0.008487
2017-01-04,0.008618,0.013134,0.005722
2017-01-05,-0.000945,-0.000892,-0.000771
2017-01-06,0.00231,-0.001362,0.003517
2017-01-09,-0.003925,-0.003245,-0.003549
2017-01-10,0.001311,0.006083,0.0
2017-01-11,0.003227,0.002873,0.00283
2017-01-12,-0.002536,-0.003441,-0.002145
2017-01-13,0.002819,0.005344,0.00185
2017-01-17,-0.003693,-0.005103,-0.002968
2017-01-18,0.001415,0.000255,0.001764
2017-01-19,-0.003889,-0.005072,-0.003609
2017-01-20,0.003625,0.003886,0.003366
2017-01-23,-0.001921,-0.001928,-0.00269
2017-01-24,0.008375,0.00953,0.006565
2017-01-25,0.008078,0.007647,0.008026
2017-01-26,-0.00115,-0.002519,-0.000735
2017-01-27,-0.001599,-0.001404,-0.000866
2017-01-30,-0.007057,-0.009656,-0.00601
2017-01-31,0.000839,0.003957,-0.00089
2017-02-01,0.000282,0.001042,0.000298
2017-02-02,0.000599,0.000583,0.00057
2017-02-03,0.007801,0.008413,0.007265
2017-02-06,-0.002713,-0.003058,-0.002115
2017-02-07,-0.000541,-0.002202,0.000227
2017-02-08,0.001224,3e-06,0.000693
2017-02-09,0.00649,0.007785,0.005752
2017-02-10,0.004103,0.00633,0.003566
2017-02-13,0.004652,0.002897,0.005246
2017-02-14,0.003882,0.002458,0.004007
2017-02-15,0.004785,0.003714,0.004992
2017-02-16,-0.001251,-0.002214,-0.000864
2017-02-17,0.0019,0.001432,0.001679
2017-02-21,0.005811,0.004475,0.006048
2017-02-22,-0.001741,-0.00401,-0.001082
2017-02-23,-0.000909,-0.003617,0.000419
2017-02-24,0.00045,-0.001555,0.001493
2017-02-27,0.001995,0.005565,0.001018
2017-02-28,-0.004647,-0.009037,-0.002578
2017-03-01,0.013366,0.011195,0.013674
2017-03-02,-0.006862,-0.008063,-0.00586
2017-03-03,0.000944,4.6e-05,0.000504
2017-03-06,-0.003808,-0.00627,-0.003277
2017-03-07,-0.003455,-0.004523,-0.002913
2017-03-08,-0.003233,-0.004182,-0.002284
2017-03-09,-0.000246,-0.003409,0.0008
2017-03-10,0.003446,0.003374,0.003269
2017-03-13,0.001665,0.005047,0.000367
2017-03-14,-0.00418,-0.006412,-0.003379
2017-03-15,0.010125,0.011914,0.008375
2017-03-16,-0.000614,0.003401,-0.001627
2017-03-17,-0.000812,0.002295,-0.001314
2017-03-20,-0.002332,-0.002129,-0.00201
2017-03-21,-0.013602,-0.016334,-0.012408
2017-03-22,0.001795,-0.002022,0.00189
2017-03-23,0.000156,0.004109,-0.00106
2017-03-24,-0.000317,0.00138,-0.000844
2017-03-27,-0.000361,0.002729,-0.00102
2017-03-28,0.006893,0.005633,0.007251
2017-03-29,0.002268,0.005747,0.001085
2017-03-30,0.002599,0.002824,0.002935
2017-03-31,-0.001095,0.002222,-0.002255
2017-04-03,-0.002624,-0.005973,-0.001642
2017-04-04,0.000621,-0.002166,0.00056
2017-04-05,-0.004134,-0.006667,-0.003055
2017-04-06,0.003506,0.006073,0.001929
2017-04-07,-0.000717,7.2e-05,-0.000827
2017-04-10,0.001468,0.002432,0.000688
2017-04-11,-0.000127,0.002987,-0.001434
2017-04-12,-0.004575,-0.005825,-0.00376
2017-04-13,-0.007191,-0.006326,-0.006815
2017-04-17,0.008654,0.006076,0.008613
2017-04-18,-0.002508,-0.002669,-0.002903
2017-04-19,-0.001333,0.000344,-0.001716
2017-04-20,0.007669,0.007076,0.007557
2017-04-21,-0.002843,-0.002115,-0.003035
2017-04-24,0.010754,0.007824,0.01084
2017-04-25,0.00596,0.006072,0.006091
2017-04-26,-0.000105,0.00381,-0.000486
2017-04-27,-4e-05,-0.001777,0.000553
2017-04-28,-0.002611,-0.004225,-0.001913
2017-05-01,0.002001,0.001152,0.001732
2017-05-02,0.000255,-0.002009,0.001189
2017-05-03,-0.002573,-0.004587,-0.001271
2017-05-04,-0.000777,-0.004697,0.000582
2017-05-05,0.005792,0.006221,0.004089
2017-05-08,-0.00082,-0.001231,3.8e-05
2017-05-09,-0.000984,0.000561,-0.001025
2017-05-10,0.0026,0.003962,0.001131
2017-05-11,-0.002715,-0.003107,-0.002163
2017-05-12,-0.001539,-0.002252,-0.001478
2017-05-15,0.005603,0.00576,0.004776
2017-05-16,-0.000384,-0.00123,-0.000687
2017-05-17,-0.018102,-0.016886,-0.018178
2017-05-18,0.003369,-8.1e-05,0.003687
2017-05-19,0.007577,0.008121,0.006768
2017-05-22,0.005394,0.004161,0.00516
2017-05-23,0.001526,0.000542,0.001838
2017-05-24,0.002402,0.000711,0.002489
2017-05-25,0.003248,0.00029,0.004442
2017-05-26,0.00031,0.000124,0.000311
2017-05-30,-0.002267,-0.005404,-0.001205
2017-05-31,-0.000326,-0.00071,-0.00046
2017-06-01,0.009052,0.010905,0.007571
2017-06-02,0.003486,0.004465,0.003708
2017-06-05,-0.001819,-0.004036,-0.001218
2017-06-06,-0.00215,-0.00079,-0.002779
2017-06-07,0.000725,-0.00094,0.001568
2017-06-08,0.001597,0.005748,0.000267
2017-06-09,-0.000547,0.002024,-0.00083
2017-06-12,-0.000866,-0.00121,-0.000979
2017-06-13,0.005328,0.005552,0.004511
2017-06-14,-0.002289,-0.004337,-0.000996
2017-06-15,-0.002973,-0.005338,-0.00224
2017-06-16,0.000543,-0.000142,0.000284
2017-06-19,0.007639,0.006074,0.008347
2017-06-20,-0.007515,-0.006921,-0.006697
2017-06-21,-0.000752,-0.001863,-0.000583
2017-06-22,0.000802,0.004618,-0.000456
2017-06-23,0.002916,0.006132,0.001561
2017-06-26,0.00094,0.00367,0.000316
2017-06-27,-0.007476,-0.005515,-0.008073
2017-06-28,0.010009,0.00961,0.008808
2017-06-29,-0.008117,-0.004494,-0.0086
2017-06-30,0.001446,0.001301,0.001533
2017-07-03,0.003039,0.005382,0.002311
2017-07-05,0.000131,-0.003671,0.001453
2017-07-06,-0.009231,-0.008873,-0.009369
2017-07-07,0.006444,0.004721,0.006403
2017-07-10,0.000501,-0.000569,0.000928
2017-07-11,0.000236,0.000983,-0.000783
2017-07-12,0.007693,0.007062,0.007306
2017-07-13,0.001729,0.001716,0.001875
2017-07-14,0.004849,0.004238,0.004674
2017-07-17,1.4e-05,0.001124,-5.3e-05
2017-07-18,0.000459,-0.001659,0.000598
2017-07-19,0.005964,0.006293,0.005373
2017-07-20,3.3e-05,0.000156,-0.000154
2017-07-21,-0.000922,-0.002183,-0.000368
2017-07-24,-0.000133,-0.000294,-0.001064
2017-07-25,0.003457,0.003735,0.002923
2017-07-26,-8.5e-05,-0.000339,0.000283
2017-07-27,-0.002093,-0.005113,-0.000973
2017-07-28,-0.001066,-0.0006,-0.001341
2017-07-31,-0.000859,-0.001476,-0.000728
2017-08-01,0.00236,-4e-05,0.002449
2017-08-02,-0.000989,-0.006714,0.000493
2017-08-03,-0.00218,-0.003729,-0.002184
2017-08-04,0.002012,0.002573,0.001889
2017-08-07,0.001414,0.000187,0.001647
2017-08-08,-0.002772,-0.003534,-0.002414
2017-08-09,-0.001449,-0.006361,-0.000364
2017-08-10,-0.014415,-0.014476,-0.014474
2017-08-11,0.001508,0.001186,0.001276
2017-08-14,0.009827,0.010522,0.010044
2017-08-15,-0.00145,-0.006162,-0.000499
2017-08-16,0.002153,0.002418,0.00142
2017-08-17,-0.014559,-0.010727,-0.015437
2017-08-18,-0.001186,0.001833,-0.001835
2017-08-21,0.000858,-0.001551,0.001163
2017-08-22,0.009406,0.006494,0.009941
2017-08-23,-0.001918,0.000624,-0.003454
2017-08-24,-0.00116,0.002926,-0.002074
2017-08-25,0.002002,0.004661,0.001673
2017-08-28,0.000326,0.001006,0.000487
2017-08-29,0.000673,0.001716,0.000843
2017-08-30,0.004622,0.003613,0.004615
2017-08-31,0.006903,0.006718,0.005721
2017-09-01,0.002852,0.006153,0.001982
2017-09-05,-0.00762,-0.005636,-0.007551
2017-09-06,0.00319,0.003312,0.003129
2017-09-07,-3.2e-05,0.001174,-0.000178
2017-09-08,-0.001271,-0.000926,-0.001489
2017-09-11,0.010251,0.008922,0.010839
2017-09-12,0.003547,0.004436,0.003364
2017-09-13,0.000552,0.002703,0.000757
2017-09-14,-0.000492,0.000337,-0.001101
2017-09-15,0.001829,0.002498,0.001847
2017-09-18,0.002006,0.003485,0.001456
2017-09-19,0.001121,0.000316,0.00111
2017-09-20,0.000919,0.002178,0.000634
2017-09-21,-0.002543,-0.001112,-0.003046
2017-09-22,0.0011,0.004152,0.000648
2017-09-25,-0.001881,-0.000749,-0.002222
2017-09-26,0.000213,0.002167,7.2e-05
2017-09-27,0.004975,0.007975,0.004085
2017-09-28,0.001611,0.001972,0.001205
2017-09-29,0.003328,0.002609,0.003705
2017-10-02,0.004542,0.007313,0.003874
2017-10-03,0.0025,0.002963,0.002159
2017-10-04,0.000781,0.000718,0.001247
2017-10-05,0.00477,0.00388,0.005647
2017-10-06,-0.000977,-0.000501,-0.001074
2017-10-09,-0.001988,-0.002336,-0.001804
2017-10-10,0.002717,0.003161,0.002322
2017-10-11,0.00195,0.001334,0.001803
2017-10-12,-0.001538,-0.002471,-0.001687
2017-10-13,0.000886,8.8e-05,0.000878
2017-10-16,0.001013,-0.001625,0.001751
2017-10-17,-0.000188,-0.002831,0.000672
2017-10-18,0.000987,0.00094,0.000742
2017-10-19,-0.000131,-0.001806,0.000328
2017-10-20,0.004204,0.003116,0.005117
2017-10-23,-0.004272,-0.005788,-0.003972
2017-10-24,0.001655,0.000185,0.001618
2017-10-25,-0.005407,-0.005323,-0.004663
2017-10-26,0.0015,-0.000357,0.001271
2017-10-27,0.007589,0.004281,0.008073
2017-10-30,-0.003392,-0.004991,-0.003192
2017-10-31,0.00203,0.004483,0.000944
2017-11-01,0.000748,-0.002077,0.001592
2017-11-02,0.00034,0.000869,0.00019
2017-11-03,0.002852,0.001421,0.003097
2017-11-06,0.002097,0.00442,0.001271
2017-11-07,-0.001835,-0.006591,-0.000189
2017-11-08,0.001385,0.000477,0.001444
2017-11-09,-0.003602,-0.0014,-0.003762
2017-11-10,-0.000272,0.000457,-0.000898
2017-11-13,0.000195,-0.001612,0.000984
2017-11-14,-0.00256,-0.00449,-0.00231
2017-11-15,-0.004852,-0.003016,-0.005526
2017-11-16,0.009334,0.012356,0.008196
2017-11-17,-0.000921,0.005062,-0.002626
2017-11-20,0.001805,0.00324,0.001276
2017-11-21,0.006542,0.005207,0.006541
2017-11-22,-6.4e-05,0.002776,-0.00075
2017-11-24,0.002145,0.00305,0.002056
2017-11-27,-0.001546,-0.003366,-0.000384
2017-11-28,0.008835,0.006278,0.009848
2017-11-29,-0.000731,-6.7e-05,-0.000369
2017-11-30,0.007237,0.002285,0.008191
2017-12-01,-0.001124,-0.001144,-0.002024
2017-12-04,-0.001749,-0.002324,-0.001052
2017-12-05,-0.00418,-0.004838,-0.003739
2017-12-06,-0.001387,-0.006295,-0.000114
2017-12-07,0.004019,0.004991,0.002932
2017-12-08,0.00505,0.003482,0.005506
2017-12-11,0.002781,0.001522,0.003202
2017-12-12,0.000744,-0.001622,0.001549
2017-12-13,0.000541,0.003889,-0.000473
2017-12-14,-0.004374,-0.005002,-0.004071
2017-12-15,0.007951,0.007323,0.008974
2017-12-18,0.006749,0.009301,0.005363
2017-12-19,-0.003411,-0.003608,-0.00323
2017-12-20,-0.000103,0.003126,-0.000828
2017-12-21,0.00251,0.004873,0.001986
2017-12-22,-0.000161,0.000112,-0.000458
2017-12-26,-0.000171,0.002458,-0.001058
2017-12-27,0.000848,0.001169,0.000791
2017-12-28,0.002503,0.003175,0.001834
2017-12-29,-0.00475,-0.002981,-0.005183
2018-01-02,0.008505,0.011232,0.008303
2018-01-03,0.005856,0.005103,0.006399
2018-01-04,0.004001,0.005272,0.004029
2018-01-05,0.005804,0.00388,0.007034
2018-01-08,0.001816,0.000584,0.001662
2018-01-09,0.000921,-0.001584,0.001303
2018-01-10,-0.001506,0.0001,-0.001112
2018-01-11,0.008295,0.011966,0.007034
2018-01-12,0.006082,0.003715,0.00675
2018-01-16,-0.004432,-0.00737,-0.003524
2018-01-17,0.008575,0.004769,0.009415
2018-01-18,-0.002002,-0.003355,-0.001616
2018-01-19,0.005419,0.007173,0.004385
2018-01-22,0.007587,0.005004,0.008067
2018-01-23,0.002623,0.002905,0.002174
2018-01-24,-0.000901,-0.001853,-0.00056
2018-01-25,7.6e-05,-0.000398,0.000603
2018-01-26,0.009965,0.004628,0.011841
2018-01-29,-0.006914,-0.007809,-0.006732
2018-01-30,-0.010195,-0.010015,-0.010899
2018-01-31,0.000149,-0.002694,0.000489
2018-02-01,-0.000265,-0.000633,-0.000648
2018-02-02,-0.020867,-0.018847,-0.021209
2018-02-05,-0.038014,-0.027854,-0.040979
2018-02-06,0.015314,0.008436,0.017441
2018-02-07,-0.004174,-0.000454,-0.005002
2018-02-08,-0.034695,-0.022941,-0.037536
2018-02-09,0.012281,0.002426,0.014936
2018-02-12,0.013221,0.010865,0.013915
2018-02-13,0.002897,0.003372,0.002613
2018-02-14,0.014362,0.012807,0.013403
2018-02-15,0.011112,0.007357,0.012069
2018-02-16,0.000368,0.001361,0.000373
2018-02-20,-0.006285,-0.006603,-0.005841
2018-02-21,-0.004405,-0.000251,-0.005497
2018-02-22,0.000219,-0.001503,0.000974
2018-02-23,0.014656,0.009611,0.016028
2018-02-26,0.009999,0.005807,0.011757
2018-02-27,-0.012554,-0.011787,-0.012707
2018-02-28,-0.011036,-0.009711,-0.011096
2018-03-01,-0.010788,-0.003841,-0.013324
2018-03-02,0.005872,0.009519,0.005072
2018-03-05,0.010129,0.007872,0.011032
2018-03-06,0.004148,0.005592,0.002639
2018-03-07,0.00045,0.002498,-0.000484
2018-03-08,0.003647,0.001971,0.004463
2018-03-09,0.01575,0.010643,0.017379
2018-03-12,-0.000151,0.003359,-0.001274
2018-03-13,-0.00618,-0.004327,-0.006364
2018-03-14,-0.004591,-0.002565,-0.005724
2018-03-15,-0.002203,-0.004407,-0.000782
2018-03-16,0.002435,0.005377,0.001703
2018-03-19,-0.012909,-0.009042,-0.014204
2018-03-20,0.001338,-0.001227,0.001482
2018-03-21,0.000421,0.005376,-0.001844
2018-03-22,-0.023891,-0.015429,-0.025163
2018-03-23,-0.019286,-0.01346,-0.020967
2018-03-26,0.024231,0.011328,0.027157
2018-03-27,-0.016562,-0.012416,-0.017276
2018-03-28,-0.002589,-0.00321,-0.002917
2018-03-29,0.013458,0.009276,0.01377
2018-04-02,-0.021354,-0.016113,-0.022337
2018-04-03,0.011507,0.006839,0.012615
2018-04-04,0.010361,0.008931,0.011567
2018-04-05,0.007405,0.006964,0.006863
2018-04-06,-0.019971,-0.012568,-0.02192
2018-04-09,0.002849,0.000648,0.003337
2018-04-10,0.016406,0.013854,0.016727
2018-04-11,-0.003796,0.001802,-0.005525
2018-04-12,0.006932,0.004143,0.008251
2018-04-13,-0.00307,-0.002309,-0.002887
2018-04-16,0.008002,0.004759,0.008109
2018-04-17,0.010291,0.0079,0.010662
2018-04-18,0.001626,0.003093,0.000831
2018-04-19,-0.005395,-0.004882,-0.005726
2018-04-20,-0.007464,-0.005071,-0.008537
2018-04-23,-0.000446,-0.00269,5.6e-05
2018-04-24,-0.011375,-0.00532,-0.013381
2018-04-25,0.000773,-0.00146,0.001837
2018-04-26,0.009015,0.004886,0.010434
2018-04-27,0.000715,0.000995,0.001114
2018-04-30,-0.007258,-0.004782,-0.008188
2018-05-01,0.002191,0.001574,0.002549
2018-05-02,-0.005574,0.00289,-0.007206
2018-05-03,-0.002256,-0.003678,-0.002254
2018-05-04,0.012299,0.008924,0.012811
2018-05-07,0.004128,0.004645,0.003458
2018-05-08,0.000407,0.001064,-0.000266
2018-05-09,0.008609,0.004881,0.009682
2018-05-10,0.008627,0.00479,0.009371
2018-05-11,0.001549,0.001239,0.001708
2018-05-14,0.000775,0.000788,0.000884
2018-05-15,-0.005764,-0.002099,-0.006842
2018-05-16,0.004811,0.005051,0.004061
2018-05-17,0.000295,0.00384,-0.000856
2018-05-18,-0.002228,0.000349,-0.002632
2018-05-21,0.006987,0.00428,0.007387
2018-05-22,-0.003453,-0.00286,-0.003136
2018-05-23,0.002289,0.000427,0.003248
2018-05-24,-0.001827,-0.00085,-0.002023
2018-05-25,-0.002208,-0.000908,-0.002357
2018-05-29,-0.009951,-0.004953,-0.011564
2018-05-30,0.013096,0.009972,0.012696
2018-05-31,-0.00649,-0.003034,-0.00688
2018-06-01,0.009646,0.00629,0.010849
2018-06-04,0.004526,0.001585,0.00448
2018-06-05,0.001474,0.004427,0.000703
2018-06-06,0.007987,0.004383,0.008567
2018-06-07,-0.001115,-0.001085,-0.000714
2018-06-08,0.002985,0.001649,0.003126
2018-06-11,0.00152,0.003288,0.001069
2018-06-12,0.001944,0.001684,0.001743
2018-06-13,-0.003612,-0.002707,-0.004026
2018-06-14,0.002641,0.001899,0.002472
2018-06-15,-0.001637,-0.001507,-0.001017
2018-06-18,-0.000751,0.001286,-0.002126
2018-06-19,-0.004079,-0.002744,-0.004023
2018-06-20,0.002734,0.005565,0.001712
2018-06-21,-0.006898,-0.008063,-0.006345
2018-06-22,0.002282,0.004064,0.001862
2018-06-25,-0.014414,-0.012069,-0.013725
2018-06-26,0.002922,0.004465,0.002205
2018-06-27,-0.009748,-0.010979,-0.008604
2018-06-28,0.005631,0.001462,0.006179
2018-06-29,0.001584,0.002636,0.000758
2018-07-02,0.002185,0.001214,0.003068
2018-07-03,-0.002892,0.002948,-0.004947
2018-07-05,0.008475,0.00695,0.008621
2018-07-06,0.00839,0.006434,0.008481
2018-07-09,0.008401,0.006172,0.008823
2018-07-10,0.002293,-0.001916,0.003473
2018-07-11,-0.007407,-0.007179,-0.007094
2018-07-12,0.008241,0.00444,0.008749
2018-07-13,0.000713,-0.000529,0.001079
2018-07-16,-0.00183,-0.005021,-0.001028
2018-07-17,0.003883,0.002749,0.003974
2018-07-18,0.002471,0.001537,0.00216
2018-07-19,-0.002465,0.000942,-0.003953
2018-07-20,-0.001024,-0.000693,-0.000948
2018-07-23,0.001025,-0.000604,0.001838
2018-07-24,0.001977,-0.004343,0.004781
2018-07-25,0.008264,0.003493,0.009102
2018-07-26,-0.001558,0.001621,-0.003032
2018-07-27,-0.007646,-0.010766,-0.006562
2018-07-30,-0.00558,-0.004365,-0.005754
2018-07-31,0.005536,0.0055,0.004885
2018-08-01,-0.001296,-0.001793,-0.00104
2018-08-02,0.005511,0.002312,0.004926
2018-08-03,0.003274,-0.000883,0.004644
2018-08-06,0.003857,0.002659,0.003538
2018-08-07,0.002255,0.001724,0.002824
2018-08-08,-0.00027,-0.000608,-0.000262
2018-08-09,-0.000291,0.001989,-0.001442
2018-08-10,-0.006335,-0.005299,-0.007114
2018-08-13,-0.004685,-0.006389,-0.004006
2018-08-14,0.006617,0.004415,0.006389
2018-08-15,-0.00908,-0.012479,-0.007602
2018-08-16,0.008016,0.007086,0.007919
2018-08-17,0.003866,0.003823,0.003323
2018-08-20,0.002833,0.003842,0.002428
2018-08-21,0.003128,0.006213,0.002069
2018-08-22,0.00073,0.003802,-0.000398
2018-08-23,-0.002437,-0.003339,-0.001691
2018-08-24,0.006245,0.005713,0.006199
2018-08-27,0.007157,0.003943,0.00767
2018-08-28,6e-06,0.000581,0.000269
2018-08-29,0.005183,0.004793,0.005701
2018-08-30,-0.004428,-0.003806,-0.00443
2018-08-31,0.000301,0.003133,0.000134
2018-09-04,-0.002248,-0.003329,-0.001654
2018-09-05,-0.003502,-0.004134,-0.002803
2018-09-06,-0.003967,-0.005167,-0.003652
2018-09-07,-0.002371,-0.002277,-0.002213
2018-09-10,0.002274,0.000687,0.001898
2018-09-11,0.00323,0.000291,0.00374
2018-09-12,0.000829,0.001208,0.000357
2018-09-13,0.004324,0.001104,0.005282
2018-09-14,0.000904,-0.000275,0.000275
2018-09-17,-0.005975,-0.004701,-0.00557
2018-09-18,0.005494,0.00461,0.005369
2018-09-19,0.000524,0.000787,0.001253
2018-09-20,0.00785,0.009133,0.007841
2018-09-21,-0.001043,-0.000793,-0.000369
2018-09-24,-0.003703,-0.002287,-0.003516
2018-09-25,-0.000509,0.000698,-0.001305
2018-09-26,-0.004024,-0.004507,-0.003289
2018-09-27,0.002401,0.000414,0.002763
2018-09-28,9e-05,0.000967,-7e-06
2018-10-01,0.001786,-0.003124,0.003641
2018-10-02,-0.002262,-0.005132,-0.000397
2018-10-03,0.001625,0.005896,0.000711
2018-10-04,-0.00931,-0.011729,-0.00817
2018-10-05,-0.006058,-0.006687,-0.005528
2018-10-08,-0.001348,-0.002797,-0.000395
2018-10-09,-0.001788,-0.003637,-0.001418
2018-10-10,-0.031351,-0.023287,-0.032864
2018-10-11,-0.018802,-0.01262,-0.020573
2018-10-12,0.012278,0.005784,0.014206
2018-10-15,-0.003655,0.001522,-0.005905
2018-10-16,0.02147,0.017397,0.021496
2018-10-17,-0.001386,-0.002447,-0.000253
2018-10-18,-0.014622,-0.01199,-0.014392
2018-10-19,-0.001816,-0.005267,-0.000361
2018-10-22,-0.003901,-0.004279,-0.004299
2018-10-23,-0.005977,-0.007581,-0.005512
2018-10-24,-0.030628,-0.025779,-0.030865
2018-10-25,0.017448,0.011385,0.018625
2018-10-26,-0.015512,-0.008988,-0.017327
2018-10-29,-0.006987,-0.006826,-0.00656
2018-10-30,0.015604,0.010758,0.015667
2018-10-31,0.010455,0.00799,0.010851
2018-11-01,0.013011,0.019172,0.010558
2018-11-02,-0.004779,0.00089,-0.006317
2018-11-05,0.004439,0.001604,0.0056
2018-11-06,0.005704,0.003496,0.006259
2018-11-07,0.019256,0.011239,0.021209
2018-11-08,-0.002936,-0.003128,-0.002509
2018-11-09,-0.009721,-0.012455,-0.009199
2018-11-12,-0.018878,-0.016052,-0.019702
2018-11-13,-0.001188,-0.002112,-0.001482
2018-11-14,-0.006557,-0.006122,-0.007567
2018-11-15,0.010788,0.007877,0.010594
2018-11-16,0.002082,0.000331,0.002223
2018-11-19,-0.016575,-0.012787,-0.016643
2018-11-20,-0.017946,-0.015913,-0.018151
2018-11-21,0.00622,0.011582,0.003043
2018-11-23,-0.00556,-0.001102,-0.006555
2018-11-26,0.014598,0.005388,0.015532
2018-11-27,0.000513,-0.005077,0.003262
2018-11-28,0.022306,0.016199,0.022974
2018-11-29,-0.001759,-0.000152,-0.002198
2018-11-30,0.006818,0.00143,0.008186
2018-12-03,0.011443,0.009799,0.010941
2018-12-04,-0.031761,-0.026499,-0.032365
2018-12-06,-0.001887,-0.00648,-0.001522
2018-12-07,-0.021063,-0.011637,-0.02332
2018-12-10,-0.000255,-0.006784,0.001762
2018-12-11,-0.000717,-0.002553,-0.000356
2018-12-12,0.006327,0.006999,0.005419
2018-12-13,-0.002157,-0.009008,-0.0002
2018-12-14,-0.0171,-0.013125,-0.019087
2018-12-17,-0.020886,-0.0207,-0.020774
2018-12-18,-0.000164,-0.004835,8.6e-05
2018-12-19,-0.014833,-0.013426,-0.015396
2018-12-20,-0.015372,-0.017901,-0.015772
2018-12-21,-0.020591,-0.01878,-0.020588
2018-12-24,-0.024166,-0.014143,-0.027112
2018-12-26,0.04686,0.030945,0.049594
2018-12-27,0.006822,0.000606,0.008563
2018-12-28,0.000154,0.0093,-0.001242
2018-12-31,0.008318,0.006218,0.008492
2019-01-02,0.001796,0.017126,0.001269
2019-01-03,-0.021043,-0.009454,-0.024757
2019-01-04,0.03341,0.030804,0.034336
2019-01-07,0.009202,0.016144,0.00701
2019-01-08,0.010269,0.010358,0.009695
2019-01-09,0.006199,0.010306,0.004098
2019-01-10,0.004474,0.002611,0.004518
2019-01-11,-0.000152,0.001293,-0.000146
2019-01-14,-0.005465,-0.005852,-0.005258
2019-01-15,0.009839,0.006546,0.010722
2019-01-16,0.003177,0.004831,0.002222
2019-01-17,0.007082,0.005101,0.007591
2019-01-18,0.012032,0.008534,0.013183
2019-01-22,-0.01415,-0.013514,-0.014157
2019-01-23,0.001313,-0.000571,0.002203
2019-01-24,0.002789,0.00546,0.001376
2019-01-25,0.009553,0.010818,0.008489
2019-01-28,-0.006493,-0.003899,-0.007847
2019-01-29,-0.000918,0.000164,-0.001456
2019-01-30,0.014357,0.009789,0.015549
2019-01-31,0.008467,0.007008,0.008597
2019-02-01,0.001418,0.00296,0.000899
2019-02-04,0.006692,0.007317,0.006776
2019-02-05,0.004392,0.002633,0.004708
2019-02-06,-0.002529,-0.001374,-0.002224
2019-02-07,-0.008815,-0.009004,-0.009357
2019-02-08,0.000651,-0.001107,0.000676
2019-02-11,0.001262,0.003731,0.000709
2019-02-12,0.012367,0.010086,0.01289
2019-02-13,0.002782,0.003827,0.003024
2019-02-14,-0.001423,0.000674,-0.002652
2019-02-15,0.010835,0.00952,0.010879
2019-02-19,0.002351,0.005022,0.001499
2019-02-20,0.002105,0.001534,0.001777
2019-02-21,-0.003534,-0.001722,-0.003526
2019-02-22,0.006367,0.007815,0.006411
2019-02-25,0.001355,0.002548,0.001232
2019-02-26,-0.001496,-0.002209,-0.00079
2019-02-27,0.000503,0.000165,-0.000544
2019-02-28,-0.002832,-0.003329,-0.002826
2019-03-01,0.006074,0.005596,0.006895
2019-03-04,-0.004235,-0.002059,-0.003881
2019-03-05,-0.00132,-0.001251,-0.001131
2019-03-06,-0.007768,-0.012423,-0.006524
2019-03-07,-0.007494,-0.005773,-0.008126
2019-03-08,-0.0019,-0.002342,-0.002132
2019-03-11,0.014348,0.013281,0.014666
2019-03-12,0.002743,0.002639,0.002953
2019-03-13,0.006419,0.004495,0.00695
2019-03-14,-0.000989,-0.001548,-0.000868
2019-03-15,0.004549,0.00317,0.004985
2019-03-18,0.004449,0.006075,0.003706
2019-03-19,-0.000676,-0.00141,-0.000131
2019-03-20,-0.003146,-0.002614,-0.002944
2019-03-21,0.010294,0.005282,0.010853
2019-03-22,-0.020352,-0.022043,-0.018975
2019-03-25,-0.000328,-0.000245,-0.000839
2019-03-26,0.007719,0.006267,0.007183
2019-03-27,-0.004686,-0.00254,-0.004644
2019-03-28,0.004111,0.00387,0.00359
2019-03-29,0.006019,0.002876,0.006734
2019-04-01,0.011239,0.00978,0.011569
2019-04-02,-0.000146,-0.000222,1.7e-05
2019-04-03,0.002548,0.002333,0.002148
2019-04-04,0.001939,0.002985,0.002085
2019-04-05,0.005114,0.007044,0.004636
2019-04-08,0.001042,0.00101,0.001047
2019-04-09,-0.006282,-0.006985,-0.006067
2019-04-10,0.004781,0.006191,0.003478
2019-04-11,-0.000123,-0.001768,3.8e-05
2019-04-12,0.006427,0.002535,0.006609
2019-04-15,-0.001019,-0.003526,-0.000629
2019-04-16,0.000713,0.000853,0.000509
2019-04-17,-0.003057,-0.005654,-0.002274
2019-04-18,0.001078,-0.000348,0.001579
2019-04-22,0.00055,-0.001071,0.001012
2019-04-23,0.008919,0.008481,0.008841
2019-04-24,-0.002067,-0.001668,-0.002192
2019-04-25,-0.001464,-0.0052,-0.000369
2019-04-26,0.005368,0.005863,0.004685
2019-04-29,0.001457,0.003016,0.001071
2019-04-30,0.000358,-0.002453,0.000951
2019-05-01,-0.007552,-0.006304,-0.007502
2019-05-02,-0.00167,-0.001115,-0.002124
2019-05-03,0.010903,0.013264,0.009638
2019-05-06,-0.003819,-0.002032,-0.004471
2019-05-07,-0.016138,-0.013079,-0.016512
2019-05-08,-0.001604,-0.000962,-0.001605
2019-05-09,-0.002762,-0.004986,-0.003021
2019-05-10,0.004061,0.001979,0.00372
2019-05-13,-0.02449,-0.02262,-0.024131
2019-05-14,0.008972,0.009282,0.008016
2019-05-15,0.005735,0.003094,0.005839
2019-05-16,0.008466,0.002113,0.008895
2019-05-17,-0.006777,-0.009133,-0.005837
2019-05-20,-0.006482,-0.005819,-0.006749
2019-05-21,0.008936,0.008194,0.008496
2019-05-22,-0.003791,-0.00675,-0.002824
2019-05-23,-0.012685,-0.014587,-0.011914
2019-05-24,0.002769,0.00457,0.001354
2019-05-28,-0.007504,-0.004871,-0.008376
2019-05-29,-0.00689,-0.007024,-0.006912
2019-05-30,0.001395,-0.000323,0.002098
2019-05-31,-0.011731,-0.009849,-0.013195
2019-06-03,-0.002132,0.002028,-0.002765
2019-06-04,0.020888,0.016296,0.021432
2019-06-05,0.00648,-0.003716,0.008162
2019-06-06,0.005135,-0.002659,0.006136
2019-06-07,0.009671,0.006756,0.010498
2019-06-10,0.004786,0.005864,0.00466
2019-06-11,-0.000587,-0.000756,-0.00035
2019-06-12,-0.001895,-0.001817,-0.002038
2019-06-13,0.004882,0.007828,0.004097
2019-06-14,-0.002723,-0.006331,-0.001612
2019-06-17,0.001583,0.002658,0.000932
2019-06-18,0.009988,0.009913,0.009717
2019-06-19,0.003742,0.00366,0.002985
2019-06-20,0.008794,0.006415,0.009472
2019-06-21,-0.00248,-0.003684,-0.001259
2019-06-24,-0.002898,-0.006011,-0.001732
2019-06-25,-0.008983,-0.006024,-0.009496
2019-06-26,-0.00103,0.000982,-0.001234
2019-06-27,0.005851,0.009434,0.003823
2019-06-28,0.006661,0.010004,0.005757
2019-07-01,0.006666,0.003592,0.007672
2019-07-02,0.002012,-0.002689,0.002928
2019-07-03,0.007696,0.005094,0.007672
2019-07-05,-0.001125,0.001502,-0.001806
2019-07-08,-0.005365,-0.005379,-0.004835
2019-07-09,0.001762,0.000305,0.001237
2019-07-10,0.004054,0.003225,0.004511
2019-07-11,0.001232,-0.002149,0.002285
2019-07-12,0.004673,0.003242,0.00462
2019-07-15,-0.000159,-0.001609,0.000176
2019-07-16,-0.002952,-0.001289,-0.003404
2019-07-17,-0.005594,-0.005351,-0.006531
2019-07-18,0.003364,-0.000484,0.003582
2019-07-19,-0.005612,-0.003011,-0.006177
2019-07-22,0.002286,-0.001336,0.002829
2019-07-23,0.00625,0.002997,0.006848
2019-07-24,0.006008,0.007624,0.004688
2019-07-25,-0.006384,-0.008782,-0.005262
2019-07-26,0.007304,0.005888,0.007388
2019-07-29,-0.002677,-0.003894,-0.001616
2019-07-30,-0.001279,0.005348,-0.002579
2019-07-31,-0.009979,-0.006988,-0.010886
2019-08-01,-0.009219,-0.01182,-0.008999
2019-08-02,-0.007805,-0.007407,-0.007283
2019-08-05,-0.028423,-0.024732,-0.029778
2019-08-06,0.0119,0.005916,0.013017
2019-08-07,0.001289,9.9e-05,0.000767
2019-08-08,0.01853,0.012821,0.018762
2019-08-09,-0.007192,-0.007476,-0.006617
2019-08-12,-0.012019,-0.009434,-0.012184
2019-08-13,0.013317,0.007568,0.014994
2019-08-14,-0.027826,-0.024169,-0.029293
2019-08-15,0.001777,-0.003952,0.002464
2019-08-16,0.014891,0.015547,0.014426
2019-08-19,0.010675,0.009701,0.012106
2019-08-20,-0.006749,-0.002874,-0.007915
2019-08-21,0.007927,0.006829,0.008247
2019-08-22,-0.00101,-0.002545,-0.000506
2019-08-23,-0.024254,-0.020065,-0.025946
2019-08-26,0.009977,0.006578,0.010983
2019-08-27,-0.003859,-0.008679,-0.003203
2019-08-28,0.006323,0.008018,0.006545
2019-08-29,0.012551,0.010907,0.012687
2019-08-30,0.000647,0.001053,0.000643
2019-09-03,-0.0072,-0.008656,-0.006899
2019-09-04,0.010731,0.008953,0.010842
2019-09-05,0.012384,0.012068,0.01301
2019-09-06,0.00027,0.000926,0.000911
2019-09-09,0.000597,0.007296,-9.4e-05
2019-09-10,0.001209,0.009903,0.000322
2019-09-11,0.008121,0.012987,0.00723
2019-09-12,0.002394,1.1e-05,0.002879
2019-09-13,-0.000402,0.001892,-0.000724
2019-09-16,-0.001251,0.004686,-0.003136
2019-09-17,0.002169,-0.002837,0.002582
2019-09-18,-0.000724,-0.004144,0.000343
2019-09-19,-0.000145,-0.001899,2e-05
2019-09-20,-0.004082,0.000365,-0.004896
2019-09-23,-9.4e-05,-0.001491,-9.7e-05
2019-09-24,-0.009181,-0.012349,-0.008416
2019-09-25,0.005652,0.002551,0.006159
2019-09-26,-0.003072,-0.006435,-0.002429
2019-09-27,-0.005689,-0.006139,-0.005316
2019-09-30,0.004452,0.000793,0.005048
2019-10-01,-0.012535,-0.013112,-0.012258
2019-10-02,-0.016124,-0.011593,-0.017903
2019-10-03,0.007636,0.004945,0.007972
2019-10-04,0.012663,0.006928,0.014217
2019-10-07,-0.003916,-0.002572,-0.004478
2019-10-08,-0.015075,-0.012203,-0.015561
2019-10-09,0.008366,0.002602,0.009105
2019-10-10,0.005609,0.001782,0.006416
2019-10-11,0.011399,0.012407,0.010939
2019-10-14,-0.001618,-0.001781,-0.001387
2019-10-15,0.009102,0.008558,0.009956
2019-10-16,-0.001892,0.001273,-0.002
2019-10-17,0.00369,0.005286,0.002763
2019-10-18,-0.003714,-0.002769,-0.003919
2019-10-21,0.006672,0.005955,0.006872
2019-10-22,-0.003284,-0.000518,-0.003569
2019-10-23,0.002377,0.003058,0.002847
2019-10-24,0.002351,-0.001025,0.00192
2019-10-25,0.004071,0.003953,0.004073
2019-10-28,0.005234,0.003628,0.005581
2019-10-29,-0.000574,-0.000548,-0.000832
2019-10-30,0.00278,-0.0012,0.003253
2019-10-31,-0.00348,-0.004344,-0.003023
2019-11-01,0.010212,0.013004,0.009662
2019-11-04,0.003762,0.006466,0.003704
2019-11-05,-0.001073,0.000941,-0.001186
2019-11-06,-0.000325,-0.004803,0.000703
2019-11-07,0.002842,0.00034,0.00273
2019-11-08,0.002642,0.000841,0.002561
2019-11-11,-0.001637,-0.002542,-0.001962
2019-11-12,0.001141,-0.001035,0.001565
2019-11-13,0.000337,-0.004135,0.000712
2019-11-14,0.000987,-0.001756,0.000837
2019-11-15,0.007074,0.004136,0.007695
2019-11-18,0.000148,-0.003061,0.000503
2019-11-19,2.7e-05,0.00146,-0.000593
2019-11-20,-0.002962,-0.002946,-0.003756
2019-11-21,-0.001708,-0.000985,-0.001583
2019-11-22,0.00202,0.003557,0.002175
2019-11-25,0.00856,0.011192,0.007507
2019-11-26,0.002218,0.000465,0.002196
2019-11-27,0.00432,0.005769,0.004174
2019-11-29,-0.004045,-0.000236,-0.004011
2019-12-02,-0.008547,-0.006343,-0.008631
2019-12-03,-0.005643,-0.0028,-0.006638
2019-12-04,0.00603,0.005447,0.006324
2019-12-05,0.001102,-0.000491,0.0015
2019-12-06,0.008432,0.008005,0.009136
2019-12-09,-0.0027,0.000526,-0.003163
2019-12-10,-0.000696,0.001636,-0.001097
2019-12-11,0.00274,0.002606,0.002908
2019-12-12,0.007859,0.007406,0.008575
2019-12-13,2.7e-05,-0.000715,7.3e-05
2019-12-16,0.007073,0.005041,0.007148
2019-12-17,0.000547,0.002179,0.000335
2019-12-18,0.000228,0.002202,-0.000432
2019-12-19,0.004192,0.003721,0.004459
2019-12-20,0.004534,0.002899,0.004945
2019-12-23,0.000956,0.003865,0.000866
2019-12-24,0.00038,0.003556,-0.000195
2019-12-26,0.004616,0.003437,0.005128
2019-12-27,-0.000643,-0.002284,3.4e-05
2019-12-30,-0.005105,-0.001236,-0.005781
2019-12-31,0.002964,0.005045,0.002946
2020-01-02,0.007412,0.00547,0.008379
2020-01-03,-0.005828,-0.003057,-0.00706
2020-01-06,0.003269,0.004548,0.003533
2020-01-07,-0.002147,-4.1e-05,-0.002803
2020-01-08,0.004028,0.000914,0.004902
2020-01-09,0.005831,0.002941,0.006655
2020-01-10,-0.002578,-0.001247,-0.002855
2020-01-13,0.007077,0.004614,0.006976
2020-01-14,-0.000394,0.00292,-0.001515
2020-01-15,0.001938,0.003106,0.00187
2020-01-16,0.008389,0.0099,0.008367
2020-01-17,0.002523,-0.000518,0.003862
2020-01-21,-0.003027,-0.004034,-0.002652
2020-01-22,0.000376,-0.00124,0.000289
2020-01-23,0.001,-0.001272,0.001141
2020-01-24,-0.008836,-0.010013,-0.009042
2020-01-27,-0.014872,-0.013417,-0.015731
2020-01-28,0.009614,0.007312,0.010054
2020-01-29,-0.00116,-0.003777,-0.000867
2020-01-30,0.00278,-0.003303,0.003134
2020-01-31,-0.016642,-0.014389,-0.017706
2020-02-03,0.007562,0.004585,0.007255
2020-02-04,0.014853,0.010742,0.01498
2020-02-05,0.009336,0.011625,0.011251
2020-02-06,0.002601,-0.001729,0.003326
2020-02-07,-0.005527,-0.008712,-0.005401
2020-02-10,0.006756,0.002496,0.007326
2020-02-11,0.003402,0.005309,0.001689
2020-02-12,0.006406,0.005858,0.006463
2020-02-13,-0.000773,-0.001469,-0.00163
2020-02-14,0.00166,-0.000396,0.001844
2020-02-18,-0.001944,-0.000244,-0.00292
2020-02-19,0.005179,0.005293,0.004706
2020-02-20,-0.002604,0.002578,-0.003816
2020-02-21,-0.009789,-0.006579,-0.010518
2020-02-24,-0.03176,-0.025365,-0.033514
2020-02-25,-0.029476,-0.026824,-0.03028
2020-02-26,-0.005395,-0.008618,-0.003779
2020-02-27,-0.040987,-0.029388,-0.044163
2020-02-28,-0.008552,-0.009691,-0.008238
2020-03-02,0.040304,0.022813,0.046039
2020-03-03,-0.024635,-0.013162,-0.028108
2020-03-04,0.037552,0.022444,0.042203
2020-03-05,-0.031529,-0.026674,-0.033922
2020-03-06,-0.017785,-0.021078,-0.017054
2020-03-09,-0.079317,-0.085247,-0.07597
2020-03-10,0.044398,0.024204,0.049396
2020-03-11,-0.049958,-0.050931,-0.048868
2020-03-12,-0.096841,-0.100597,-0.095113
2020-03-13,0.085502,0.054602,0.092871
2020-03-16,-0.118167,-0.107631,-0.11984
2020-03-17,0.053074,0.03505,0.059955
2020-03-18,-0.05961,-0.097954,-0.051831
2020-03-19,0.014319,0.059286,0.004708
2020-03-20,-0.037156,-0.012596,-0.04336
2020-03-23,-0.026878,-0.022939,-0.029294
2020-03-24,0.091556,0.082175,0.093828
2020-03-25,0.016379,0.036478,0.011535
2020-03-26,0.057471,0.050235,0.062414
2020-03-27,-0.033038,-0.029879,-0.033687
2020-03-30,0.029038,0.009953,0.033516
2020-03-31,-0.012277,0.000633,-0.016013
2020-04-01,-0.045015,-0.050873,-0.044142
2020-04-02,0.019501,0.008287,0.022829
2020-04-03,-0.015754,-0.020541,-0.015137
2020-04-06,0.067894,0.059139,0.070331
2020-04-07,0.000476,0.010586,-0.001603
2020-04-08,0.033821,0.037248,0.034056
2020-04-09,0.018252,0.034491,0.014487
2020-04-13,-0.010147,-0.007105,-0.010105
2020-04-14,0.028171,0.0194,0.030573
2020-04-15,-0.023057,-0.026455,-0.022031
2020-04-16,0.004197,-0.006668,0.005817
2020-04-17,0.027687,0.03266,0.026794
2020-04-20,-0.015553,-0.011511,-0.017881
2020-04-21,-0.02921,-0.017875,-0.030675
2020-04-22,0.021876,0.01525,0.02293
2020-04-23,0.00125,0.010179,-0.000539
2020-04-24,0.013045,0.009656,0.013918
2020-04-27,0.017511,0.028557,0.014714
2020-04-28,-0.002298,0.012304,-0.005242
2020-04-29,0.028865,0.04046,0.026584
2020-04-30,-0.013076,-0.019332,-0.009212
2020-05-01,-0.028041,-0.028944,-0.028059
2020-05-04,0.00481,0.003996,0.00425
2020-05-05,0.008738,0.003523,0.009041
2020-05-06,-0.005853,-0.008204,-0.006979
2020-05-07,0.013322,0.015041,0.011505
2020-05-08,0.018605,0.026622,0.016872
2020-05-11,-0.000441,-0.004087,0.000177
2020-05-12,-0.02037,-0.018736,-0.020544
2020-05-13,-0.019027,-0.027333,-0.017463
2020-05-14,0.010302,0.003296,0.011525
2020-05-15,0.005234,0.008224,0.003926
2020-05-18,0.033368,0.045796,0.031501
2020-05-19,-0.009706,-0.008125,-0.010484
2020-05-20,0.017387,0.022291,0.016651
2020-05-21,-0.006646,-0.000303,-0.007774
2020-05-22,0.002656,0.0029,0.002354
2020-05-26,0.014186,0.024626,0.012289
2020-05-27,0.014962,0.020347,0.014827
2020-05-28,-0.003516,-0.009559,-0.002108
2020-05-29,0.004678,-0.001383,0.004812
2020-06-01,0.006645,0.012507,0.003751
2020-06-02,0.008413,0.01103,0.008211
2020-06-03,0.014862,0.022584,0.013649
2020-06-04,-0.003038,0.008012,-0.003369
2020-06-05,0.025002,0.032168,0.026212
2020-06-08,0.014235,0.032394,0.012042
2020-06-09,-0.009508,-0.010359,-0.007799
2020-06-10,-0.006659,-0.016255,-0.005313
2020-06-11,-0.058203,-0.063587,-0.058944
2020-06-12,0.014074,0.022566,0.013061
2020-06-15,0.010691,0.01446,0.008312
2020-06-16,0.017647,0.018722,0.018962
2020-06-17,-0.004129,-0.008035,-0.0036
2020-06-18,0.001198,0.000431,0.000594
2020-06-19,-0.004599,-0.002264,-0.005649
2020-06-22,0.006682,0.003837,0.006495
2020-06-23,0.003905,0.003704,0.004307
2020-06-24,-0.025737,-0.025694,-0.025855
2020-06-25,0.01126,0.010545,0.01096
2020-06-26,-0.022878,-0.020526,-0.024227
2020-06-29,0.014497,0.016462,0.014686
2020-06-30,0.014671,0.009754,0.01541
2020-07-01,0.004033,-0.002446,0.005022
2020-07-02,0.00502,0.004246,0.004541
2020-07-06,0.014885,0.01213,0.015882
2020-07-07,-0.010264,-0.013507,-0.010819
2020-07-08,0.008437,0.006774,0.007828
2020-07-09,-0.005703,-0.013139,-0.005644
2020-07-10,0.010386,0.012624,0.010466
2020-07-13,-0.011212,-0.010449,-0.009363
2020-07-14,0.01329,0.009832,0.013406
2020-07-15,0.0118,0.024746,0.009082
2020-07-16,-0.004003,-0.001971,-0.003406
2020-07-17,0.003636,0.005338,0.002849
2020-07-20,0.008567,0.002191,0.008407
2020-07-21,0.002298,0.012603,0.001679
2020-07-22,0.005138,0.001624,0.005747
2020-07-23,-0.010909,-0.004228,-0.01232
2020-07-24,-0.006986,-0.007645,-0.00619
2020-07-27,0.00901,0.006945,0.007395
2020-07-28,-0.006926,-0.004818,-0.006473
2020-07-29,0.013428,0.013156,0.012428
2020-07-30,-0.003768,-0.002326,-0.00375
2020-07-31,0.004524,-0.007106,0.00767
2020-08-03,0.008692,0.013695,0.007181
2020-08-04,0.004528,0.008749,0.003612
2020-08-05,0.007526,0.012041,0.00643
2020-08-06,0.004654,-0.000438,0.006428
2020-08-07,0.000244,0.006408,0.000633
2020-08-10,0.002652,0.010567,0.002742
2020-08-11,-0.007931,-0.005603,-0.007969
2020-08-12,0.012994,0.00438,0.013997
2020-08-13,-0.000593,-0.000391,-0.002047
2020-08-14,-0.000669,-0.000955,-0.000172
2020-08-17,0.005019,0.004042,0.00271
2020-08-18,0.001404,-0.005829,0.002303
2020-08-19,-0.004378,-0.002526,-0.004404
2020-08-20,0.002806,-0.003818,0.003159
2020-08-21,0.001599,-0.007692,0.003441
2020-08-24,0.00891,0.005493,0.010044
2020-08-25,0.003408,0.003946,0.003596
2020-08-26,0.008729,-0.002935,0.010196
2020-08-27,0.001686,-0.001134,0.001673
2020-08-28,0.006925,0.010001,0.006733
2020-08-31,-0.00156,-0.007657,-0.002195
2020-09-01,0.00849,0.003061,0.007525
2020-09-02,0.012122,0.005777,0.015366
2020-09-03,-0.033998,-0.021922,-0.035126
2020-09-04,-0.008065,-0.004367,-0.008133
2020-09-08,-0.0268,-0.013253,-0.027756
2020-09-09,0.019843,0.01164,0.020145
2020-09-10,-0.015557,-0.009134,-0.017585
2020-09-11,-0.000188,-0.002105,0.000533
2020-09-14,0.015413,0.018789,0.012742
2020-09-15,0.005411,0.003102,0.005219
2020-09-16,-0.003147,0.006364,-0.004619
2020-09-17,-0.007869,-0.001762,-0.008412
2020-09-18,-0.008825,-0.002155,-0.011183
2020-09-21,-0.012511,-0.02505,-0.011571
2020-09-22,0.009333,0.001005,0.010518
2020-09-23,-0.024029,-0.022973,-0.023721
2020-09-24,0.002036,-0.000532,0.002987
2020-09-25,0.015674,0.011544,0.015977
2020-09-28,0.016584,0.017632,0.016111
2020-09-29,-0.004001,0.000601,-0.004813
2020-09-30,0.006881,0.001363,0.008254
2020-10-01,0.007865,0.007672,0.005293
2020-10-02,-0.007735,0.002193,-0.009572
2020-10-05,0.018302,0.017802,0.017976
2020-10-06,-0.01191,-0.003646,-0.013988
2020-10-07,0.017039,0.016556,0.017406
2020-10-08,0.008516,0.011604,0.008007
2020-10-09,0.00855,0.004725,0.008791
2020-10-12,0.013469,0.004512,0.016419
2020-10-13,-0.004951,-0.005418,-0.006307
2020-10-14,-0.006017,-0.003401,-0.006623
2020-10-15,-0.000777,0.002481,-0.001528
2020-10-16,-0.000707,-0.000596,0.000135
2020-10-19,-0.014167,-0.00685,-0.01633
2020-10-20,0.003821,0.004499,0.004727
2020-10-21,-0.00344,-0.004248,-0.002196
2020-10-22,0.00613,0.008828,0.005219
2020-10-23,0.003817,0.004067,0.003446
2020-10-26,-0.018085,-0.019334,-0.01859
2020-10-27,-0.003025,-0.006574,-0.003026
2020-10-28,-0.032808,-0.027019,-0.035288
2020-10-29,0.010473,0.009178,0.011947
2020-10-30,-0.013112,-0.011517,-0.01213
2020-11-02,0.012086,0.012978,0.012318
2020-11-03,0.018824,0.019996,0.017799
2020-11-04,0.019588,0.002001,0.022047
2020-11-05,0.021074,0.022564,0.01946
2020-11-06,-4.5e-05,-0.005092,-0.000288
2020-11-09,0.010635,0.030519,0.0117
2020-11-10,-0.000557,0.010308,-0.0014
2020-11-11,0.008042,0.003495,0.007652
2020-11-12,-0.00967,-0.010293,-0.009979
2020-11-13,0.013293,0.016427,0.01361
2020-11-16,0.012334,0.018089,0.011648
2020-11-17,-0.001528,0.00284,-0.004792
2020-11-18,-0.009049,-0.004338,-0.011564
2020-11-19,0.005837,0.007978,0.003946
2020-11-20,-0.004295,0.002009,-0.006793
2020-11-23,0.007981,0.016265,0.005636
2020-11-24,0.015105,0.017018,0.016162
2020-11-25,0.000178,0.001262,-0.001584
2020-11-27,0.003998,0.006484,0.002397
2020-11-30,-0.005743,-0.009174,-0.004595
2020-12-01,0.009645,0.006593,0.011271
2020-12-02,0.001192,0.003558,0.001791
2020-12-03,0.002272,0.006908,-0.000624
2020-12-04,0.010477,0.017045,0.008836
2020-12-07,-0.00022,-0.000558,-0.001936
2020-12-08,0.004283,0.00731,0.002787
2020-12-09,-0.009558,-0.005794,-0.007949
2020-12-10,0.00264,0.009297,-0.001285
2020-12-11,-0.002252,-0.004281,-0.001265
2020-12-14,-0.003267,-0.002346,-0.004359
2020-12-15,0.013083,0.013858,0.012921
2020-12-16,0.001387,0.000409,0.001773
2020-12-17,0.007947,0.011095,0.005758
2020-12-18,-0.002101,-0.002766,-0.003511
2020-12-21,-0.002928,-0.001855,-0.003906
2020-12-22,0.000602,0.003866,-0.002073
2020-12-23,0.001445,0.010842,0.000746
2020-12-24,0.00233,-0.000277,0.003537
2020-12-28,0.003847,0.00135,0.008723
2020-12-29,-0.003652,-0.008483,-0.002227
2020-12-30,0.003291,0.010155,0.001342
2020-12-31,0.003558,-0.001058,0.006439
2021-01-04,-0.013064,-0.003012,-0.014755
2021-01-05,0.009014,0.016304,0.007083
2021-01-06,0.008037,0.017269,0.00571
2021-01-07,0.016263,0.016882,0.014847
2021-01-08,0.004688,0.002341,0.005492
2021-01-11,-0.005645,0.000709,-0.006555
2021-01-12,0.004197,0.014239,0.000416
2021-01-13,0.000912,-0.000295,0.002276
2021-01-14,-4.7e-05,0.01346,-0.003753
2021-01-15,-0.008542,-0.009756,-0.00719
2021-01-19,0.008537,0.01355,0.008136
2021-01-20,0.012048,0.006976,0.013936
2021-01-21,-0.000935,-0.001395,0.000317
2021-01-22,-0.001461,0.005535,-0.003011
2021-01-25,0.002429,0.003159,0.003616
2021-01-26,-0.002925,-0.00162,-0.001489
2021-01-27,-0.024763,-0.020591,-0.025678
2021-01-28,0.009276,0.006922,0.009761
2021-01-29,-0.017643,-0.012198,-0.019312
2021-02-01,0.017251,0.0202,0.016052
2021-02-02,0.014015,0.012765,0.013898
2021-02-03,0.001354,0.010909,0.001009
2021-02-04,0.011293,0.015351,0.010853
2021-02-05,0.006078,0.011105,0.003897
2021-02-08,0.009781,0.023485,0.007399
2021-02-09,0.000958,0.008377,-0.001114
2021-02-10,-0.000306,0.001926,-0.000345
2021-02-11,0.001885,4.6e-05,0.001662
2021-02-12,0.004671,0.005813,0.004711
2021-02-16,-0.001123,0.007409,-0.000569
2021-02-17,-0.002344,-0.004152,-0.00032
2021-02-18,-0.006585,-0.013763,-0.004416
2021-02-19,0.002724,0.012252,-0.001855
2021-02-22,-0.009646,-0.006367,-0.007733
2021-02-23,-0.001282,-0.015496,0.001256
2021-02-24,0.011298,0.017854,0.011352
2021-02-25,-0.026609,-0.027999,-0.024479
2021-02-26,-0.003846,-0.007921,-0.00475
2021-03-01,0.024765,0.025468,0.023791
2021-03-02,-0.009017,-0.007969,-0.008081
2021-03-03,-0.014661,-0.009905,-0.013066
2021-03-04,-0.01669,-0.028151,-0.013417
2021-03-05,0.017372,0.012897,0.019496
2021-03-08,-0.005877,0.001343,-0.005359
2021-03-09,0.016852,0.021627,0.014155
2021-03-10,0.006778,0.010512,0.00603
2021-03-11,0.01417,0.020996,0.010396
2021-03-12,0.001509,0.004662,0.001015
2021-03-15,0.007061,0.008545,0.006492
2021-03-16,-0.004282,-0.01086,-0.00157
2021-03-17,0.00357,0.007362,0.002879
2021-03-18,-0.017954,-0.018316,-0.014761
2021-03-19,0.001804,0.006821,-0.000603
2021-03-22,0.004791,-0.003397,0.007025
2021-03-23,-0.011993,-0.025059,-0.007631
2021-03-24,-0.00909,-0.016742,-0.005467
2021-03-25,0.006556,0.010555,0.00524
2021-03-26,0.015363,0.009622,0.016631
2021-03-29,-0.00526,-0.015326,-0.000868
2021-03-30,2.3e-05,0.006469,-0.003158
2021-03-31,0.005605,0.009508,0.003623
2021-04-01,0.012802,0.013969,0.011825
2021-04-05,0.011451,0.00403,0.014438
2021-04-06,0.000329,0.00024,-0.000974
2021-04-07,-0.001475,-0.008745,0.001475
2021-04-08,0.005892,0.006366,0.004221
2021-04-09,0.005508,-0.001899,0.00772
2021-04-12,-0.000689,-0.009196,-0.000196
2021-04-13,0.003958,-0.000586,0.003295
2021-04-14,-0.002872,0.002728,-0.004088
2021-04-15,0.01005,-0.000239,0.011094
2021-04-16,0.002625,-0.001392,0.003609
2021-04-19,-0.006927,-0.008418,-0.005306
2021-04-20,-0.00908,-0.013927,-0.006802
2021-04-21,0.011281,0.018282,0.009306
2021-04-22,-0.007251,-0.000753,-0.009211
2021-04-23,0.012026,0.012955,0.010929
2021-04-26,0.004392,0.010775,0.001782
2021-04-27,-0.000236,-0.00013,-0.000215
2021-04-28,0.000142,0.004216,-0.000846
2021-04-29,0.003534,-0.002602,0.006763
2021-04-30,-0.008008,-0.00826,-0.007195
2021-05-03,0.002051,0.005307,0.002748
2021-05-04,-0.008437,-0.010255,-0.006678
2021-05-05,-5e-05,-0.00027,0.000704
2021-05-06,0.004793,-0.00365,0.008165
2021-05-07,0.008673,0.010497,0.007373
2021-05-10,-0.012279,-0.014776,-0.010436
2021-05-11,-0.006579,-0.003533,-0.008674
2021-05-12,-0.022536,-0.020529,-0.021449
2021-05-13,0.009761,0.000891,0.012173
2021-05-14,0.017586,0.021016,0.014918
2021-05-17,-0.001356,0.004658,-0.00253
2021-05-18,-0.005975,0.002453,-0.008517
2021-05-19,-0.003798,-0.005873,-0.002943
2021-05-20,0.011154,0.009874,0.010555
2021-05-21,-0.000303,0.002794,-0.000784
2021-05-24,0.009375,0.002333,0.009911
2021-05-25,-0.002731,-0.006541,-0.002125
2021-05-26,0.004533,0.012115,0.001877
2021-05-27,0.002905,0.0083,0.001165
2021-05-28,0.001006,0.001001,0.000769
2021-06-01,0.001667,0.009881,-0.000492
2021-06-02,0.001731,0.002925,0.001447
2021-06-03,-0.005216,-0.003755,-0.003629
2021-06-04,0.008419,0.005092,0.008834
2021-06-07,0.001642,0.008558,-0.000797
2021-06-08,0.001769,0.00596,0.000175
2021-06-09,-0.00288,-0.000927,-0.001824
2021-06-10,0.004027,0.000613,0.004652
2021-06-11,0.003115,0.004048,0.001948
2021-06-14,0.001325,-0.000683,0.001815
2021-06-15,-0.002962,-0.005567,-0.002012
2021-06-16,-0.004693,-0.002602,-0.00539
2021-06-17,-0.001405,-0.007398,-0.000436
2021-06-18,-0.012535,-0.013293,-0.013125
2021-06-21,0.013561,0.009485,0.014002
2021-06-22,0.004926,0.001081,0.005125
2021-06-23,-0.000137,0.004536,-0.001083
2021-06-24,0.006528,0.009578,0.005811
2021-06-25,0.003216,0.002692,0.003331
2021-06-28,0.001063,-0.003253,0.002315
2021-06-29,-4e-05,-0.002865,0.000277
2021-06-30,0.00036,0.000284,0.001328
2021-07-01,0.0042,0.003007,0.005222
2021-07-02,0.005001,-0.00385,0.0075
2021-07-06,-0.00301,-0.009556,-0.002022
2021-07-07,0.0011,-0.007276,0.003359
2021-07-08,-0.009006,-0.007498,-0.008561
2021-07-09,0.012887,0.016291,0.011278
2021-07-12,0.002173,0.001703,0.003451
2021-07-13,-0.005943,-0.010875,-0.003517
2021-07-14,-0.002375,-0.010452,0.001165
2021-07-15,-0.003905,-0.005299,-0.003262
2021-07-16,-0.007607,-0.010081,-0.007539
2021-07-19,-0.014629,-0.013581,-0.01587
2021-07-20,0.016902,0.017687,0.015163
2021-07-21,0.009672,0.015063,0.008242
2021-07-22,0.000285,-0.007043,0.002017
2021-07-23,0.008915,-0.002049,0.010145
2021-07-26,0.001649,-0.00046,0.002382
2021-07-27,-0.005939,-0.009745,-0.004712
2021-07-28,0.002969,0.012658,-0.000186
2021-07-29,0.004547,0.003877,0.004206
2021-07-30,-0.005629,-0.005072,-0.005406
2021-08-02,-0.00135,0.001456,-0.001843
2021-08-03,0.006796,0.000659,0.008203
2021-08-04,-0.003965,-0.007763,-0.004632
2021-08-05,0.007173,0.010524,0.006005
2021-08-06,0.000825,0.002363,0.001675
2021-08-09,-0.000405,0.000769,-0.00094
2021-08-10,0.000668,0.0012,0.000993
2021-08-11,0.002429,0.002325,0.002468
2021-08-12,0.001978,-0.003078,0.002952
2021-08-13,0.00028,-0.006952,0.001607
2021-08-16,-0.000843,-0.010526,0.002621
2021-08-17,-0.007821,-0.010395,-0.007061
2021-08-18,-0.008858,-0.002717,-0.010749
2021-08-19,-0.002259,-0.012429,0.001257
2021-08-20,0.008679,0.010185,0.008142
2021-08-23,0.010518,0.016718,0.008524
2021-08-24,0.004232,0.010988,0.001496
2021-08-25,0.002593,0.003958,0.00222
2021-08-26,-0.006469,-0.005873,-0.005825
2021-08-27,0.010965,0.016242,0.008808
2021-08-30,0.003027,-0.000524,0.004307
2021-08-31,-0.001063,0.004912,-0.001349
2021-09-01,0.001985,0.004975,0.000312
2021-09-02,0.004125,0.00583,0.002843
2021-09-03,-7.8e-05,-0.00206,-0.000335
2021-09-07,-0.004163,-0.004219,-0.003395
2021-09-08,-0.003491,-0.008765,-0.001319
2021-09-09,-0.002862,0.001191,-0.004606
2021-09-10,-0.007309,-0.005727,-0.007723
2021-09-13,0.001957,0.001363,0.002277
2021-09-14,-0.006226,-0.010711,-0.005747
2021-09-15,0.008518,0.006521,0.008474
2021-09-16,-0.000877,-5.2e-05,-0.001551
2021-09-17,-0.007397,-0.000968,-0.009111
2021-09-20,-0.018222,-0.022307,-0.016977
2021-09-21,0.000856,0.004033,-0.000812
2021-09-22,0.009965,0.010353,0.00952
2021-09-23,0.01206,0.012258,0.012135
2021-09-24,-0.000111,-0.003788,0.001461
2021-09-27,-0.00098,0.0082,-0.002776
2021-09-28,-0.020769,-0.016825,-0.020364
2021-09-29,-6.9e-05,-0.00432,0.001569
2021-09-30,-0.0095,-0.002315,-0.01191
2021-10-01,0.010644,0.007536,0.011492
2021-10-04,-0.012878,-0.011107,-0.012986
2021-10-05,0.009502,0.003845,0.010525
2021-10-06,0.002818,-0.004543,0.004103
2021-10-07,0.009925,0.010993,0.008298
2021-10-08,-0.00252,-0.002715,-0.001914
2021-10-11,-0.006344,-0.002642,-0.006866
2021-10-12,0.000236,0.004511,-0.002417
2021-10-13,0.004802,0.005999,0.003023
2021-10-14,0.015965,0.008072,0.017063
2021-10-15,0.005721,-0.000452,0.00746
2021-10-18,0.003275,-0.001035,0.003375
2021-10-19,0.006813,0.005574,0.007393
2021-10-20,0.003892,0.005235,0.003664
2021-10-21,0.002944,4.3e-05,0.002996
2021-10-22,-0.0017,-0.003687,-0.001073
2021-10-25,0.005483,0.006844,0.004748
2021-10-26,-5.9e-05,-0.002559,0.00182
2021-10-27,-0.007541,-0.011066,-0.005052
2021-10-28,0.011248,0.010778,0.009829
2021-10-29,0.000973,-0.001533,0.001949
2021-11-01,0.005685,0.016247,0.0018
2021-11-02,0.002035,-0.000788,0.00368
2021-11-03,0.007317,0.009461,0.006461
2021-11-04,0.002951,-0.001967,0.004182
2021-11-05,0.004007,0.004682,0.003733
2021-11-08,0.001985,0.005168,0.000888
2021-11-09,-0.002888,-0.002868,-0.003499
2021-11-10,-0.010458,-0.01151,-0.008226
2021-11-11,0.002449,0.00568,0.000551
2021-11-12,0.007136,0.003169,0.007223
2021-11-15,-0.000328,-0.002949,-1.1e-05
2021-11-16,0.004036,-0.002866,0.003865
2021-11-17,-0.004441,-0.008376,-0.002602
2021-11-18,0.000267,-0.010814,0.003385
2021-11-19,-0.002866,-0.006675,-0.001399
2021-11-22,-0.00622,-0.008697,-0.003197
2021-11-23,-0.000289,-0.003282,0.001657
2021-11-24,0.003215,0.006189,0.002294
2021-11-26,-0.022333,-0.020562,-0.022725
2021-11-29,0.010084,-0.002004,0.0132
2021-11-30,-0.01913,-0.013911,-0.018961
2021-12-01,-0.01512,-0.018774,-0.011815
2021-12-02,0.015404,0.012687,0.014194
2021-12-03,-0.011375,-0.018757,-0.008449
2021-12-06,0.011801,0.011818,0.011731
2021-12-07,0.021576,0.022344,0.020707
2021-12-08,0.004299,0.009254,0.003085
2021-12-09,-0.010779,-0.015051,-0.007181
2021-12-10,0.006154,-0.003162,0.009549
2021-12-13,-0.009868,-0.013043,-0.009136
2021-12-14,-0.007689,-0.010743,-0.007471
2021-12-15,0.015057,0.009288,0.016348
2021-12-16,-0.010042,-0.008498,-0.008743
2021-12-17,-0.006259,0.003383,-0.010288
2021-12-20,-0.01232,-0.012894,-0.011388
2021-12-21,0.019936,0.019754,0.017778
2021-12-22,0.009573,0.006539,0.01018
2021-12-23,0.006854,0.008728,0.006224
2021-12-27,0.012046,0.00226,0.013839
2021-12-28,-0.002438,-0.007305,-0.00101
2021-12-29,0.000553,-0.003616,0.001402
2021-12-30,-0.000979,0.006862,-0.00299
2021-12-31,-0.002389,-0.00077,-0.002626
2022-01-03,0.006155,0.0133,0.006374
2022-01-04,-0.002351,-0.003614,-0.00063
2022-01-05,-0.021879,-0.022888,-0.019393
2022-01-06,0.000161,-0.000855,-0.000964
2022-01-07,-0.004164,-0.003449,-0.00405
2022-01-10,-0.001893,-0.006038,-0.001441
2022-01-11,0.010905,0.0129,0.00916
2022-01-12,0.001817,-0.001804,0.002818
2022-01-13,-0.014356,-0.011682,-0.014244
2022-01-14,0.000164,-0.000537,0.00082
2022-01-18,-0.019346,-0.020456,-0.018388
2022-01-19,-0.009368,-0.007658,-0.00969
2022-01-20,-0.010991,-0.010844,-0.011037
2022-01-21,-0.019931,-0.020748,-0.018915
2022-01-24,0.004196,0.001777,0.002772
2022-01-25,-0.01244,-0.003871,-0.012172
2022-01-26,-0.003579,-0.008831,-0.001497
2022-01-27,-0.008106,-0.017301,-0.005384
2022-01-28,0.022473,0.012924,0.024348
2022-01-31,0.022431,0.030493,0.018886
2022-02-01,0.008548,0.012938,0.006863
2022-02-02,0.004746,-0.008769,0.009423
2022-02-03,-0.023331,-0.017393,-0.024391
2022-02-04,0.007243,0.007808,0.005157
2022-02-07,-0.001807,0.004501,-0.003702
2022-02-08,0.009148,0.008339,0.008401
2022-02-09,0.016251,0.016842,0.014517
2022-02-10,-0.016293,-0.010505,-0.018116
2022-02-11,-0.017672,-0.011637,-0.01897
2022-02-14,-0.004128,-0.008027,-0.003841
2022-02-15,0.017622,0.021559,0.015767
2022-02-16,0.000308,0.001503,0.000881
2022-02-17,-0.021239,-0.017211,-0.021173
2022-02-18,-0.008297,-0.01007,-0.007166
2022-02-22,-0.011235,-0.014612,-0.010143
2022-02-23,-0.018075,-0.013319,-0.018412
2022-02-24,0.016083,0.013783,0.014957
2022-02-25,0.022122,0.016934,0.022373
2022-02-28,-0.000365,0.002819,-0.002443
2022-03-01,-0.015027,-0.01042,-0.015474
2022-03-02,0.017773,0.013006,0.018643
2022-03-03,-0.008077,-0.011302,-0.005255
2022-03-04,-0.010171,-0.013542,-0.007934
2022-03-07,-0.029143,-0.017518,-0.029518
2022-03-08,-0.004392,0.005647,-0.007234
2022-03-09,0.026287,0.02388,0.025698
2022-03-10,-0.004184,-0.004556,-0.004292
2022-03-11,-0.013741,-0.016071,-0.012962
2022-03-14,-0.010539,-0.021574,-0.007421
2022-03-15,0.019118,0.010654,0.021409
2022-03-16,0.025417,0.031026,0.022384
2022-03-17,0.013941,0.018967,0.012348
2022-03-18,0.012298,0.013125,0.011662
2022-03-21,-0.00173,-0.004166,-0.000435
2022-03-22,0.01177,0.012433,0.011304
2022-03-23,-0.011877,-0.007287,-0.012273
2022-03-24,0.013111,0.008528,0.014344
2022-03-25,0.003084,-0.003684,0.005066
2022-03-28,0.006122,-0.002104,0.007145
2022-03-29,0.014708,0.017348,0.012257
2022-03-30,-0.007642,-0.008686,-0.006294
2022-03-31,-0.014539,-0.009262,-0.015653
2022-04-01,0.004477,0.006133,0.00341
2022-04-04,0.008315,0.008491,0.008091
2022-04-05,-0.014787,-0.015893,-0.012552
2022-04-06,-0.011276,-0.012338,-0.009717
2022-04-07,0.00248,-0.003872,0.004253
2022-04-08,-0.003214,-0.004984,-0.002651
2022-04-11,-0.014385,-0.010571,-0.016877
2022-04-12,-0.002728,-0.002382,-0.003418
2022-04-13,0.013356,0.013674,0.011175
2022-04-14,-0.011685,-0.008326,-0.012144
2022-04-18,-0.002124,-0.009658,-0.000205
2022-04-19,0.016324,0.012954,0.016058
2022-04-20,-0.000861,-7.5e-05,-0.000619
2022-04-21,-0.016871,-0.019458,-0.014753
2022-04-22,-0.026382,-0.017404,-0.02774
2022-04-25,0.005326,0.00124,0.005698
2022-04-26,-0.028338,-0.024434,-0.028146
2022-04-27,0.001298,-0.001817,0.002098
2022-04-28,0.022979,0.012195,0.024747
2022-04-29,-0.033543,-0.017716,-0.036285
2022-05-02,0.005966,0.005146,0.005675
2022-05-03,0.005109,0.006211,0.004837
2022-05-04,0.027983,0.017719,0.029862
2022-05-05,-0.036281,-0.031048,-0.03565
2022-05-06,-0.008396,-0.01459,-0.005674
2022-05-09,-0.035487,-0.04038,-0.032037
2022-05-10,0.001277,-0.003265,0.002458
2022-05-11,-0.017115,-0.022909,-0.016463
2022-05-12,0.00147,0.005678,-0.001296
2022-05-13,0.026999,0.030829,0.02387
2022-05-16,-0.004679,-0.00176,-0.003946
2022-05-17,0.020557,0.023178,0.02017
2022-05-18,-0.037661,-0.025583,-0.040395
2022-05-19,-0.002115,0.005998,-0.005834
2022-05-20,-2.6e-05,-0.003057,0.000146
2022-05-23,0.016398,0.008201,0.018555
2022-05-24,-0.010605,-0.015893,-0.008121
2022-05-25,0.011199,0.013029,0.009451
2022-05-26,0.019776,0.017453,0.019883
2022-05-27,0.024482,0.020715,0.024742
2022-05-31,-0.006957,-0.004159,-0.006274
2022-06-01,-0.006968,-0.007004,-0.007483
2022-06-02,0.020266,0.018635,0.018431
2022-06-03,-0.01536,-0.006476,-0.016347
2022-06-06,0.002954,-0.000232,0.003137
2022-06-07,0.009806,0.010778,0.009523
2022-06-08,-0.010409,-0.002544,-0.010794
2022-06-09,-0.02358,-0.018039,-0.023799
2022-06-10,-0.028242,-0.022559,-0.02911
2022-06-13,-0.040683,-0.043392,-0.038768
2022-06-14,-0.003455,-0.004295,-0.003774
2022-06-15,0.014988,0.014309,0.014593
2022-06-16,-0.034246,-0.030492,-0.032512
2022-06-17,0.004,0.009816,0.002201
2022-06-21,0.022508,0.01447,0.024477
2022-06-22,-0.002209,-0.002164,-0.001302
2022-06-23,0.009173,0.010361,0.009532
2022-06-24,0.029803,0.018007,0.030563
2022-06-27,-0.002129,0.001884,-0.002973
2022-06-28,-0.018708,-0.013435,-0.020143
2022-06-29,-0.002681,-0.008789,-0.000712
2022-06-30,-0.008945,-0.006289,-0.008759
2022-07-01,0.011007,0.007705,0.010554
2022-07-05,0.002031,0.004354,0.001584
2022-07-06,0.000678,-0.004074,0.003573
2022-07-07,0.016903,0.021121,0.014965
2022-07-08,-0.000824,0.002676,-0.00083
2022-07-11,-0.013163,-0.016265,-0.011528
2022-07-12,-0.008058,-0.002621,-0.009244
2022-07-13,-0.003428,-0.000128,-0.004457
2022-07-14,-0.005548,-0.010477,-0.002999
2022-07-15,0.018546,0.012759,0.019201
2022-07-18,-0.005552,0.000888,-0.008364
2022-07-19,0.027381,0.022051,0.027628
2022-07-20,0.007873,0.010834,0.005896
2022-07-21,0.009349,0.004848,0.009861
2022-07-22,-0.010469,-0.013783,-0.009332
2022-07-25,0.001988,0.001669,0.001315
2022-07-26,-0.01184,-0.008892,-0.011543
2022-07-27,0.025315,0.01808,0.026156
2022-07-28,0.012436,0.009486,0.012133
2022-07-29,0.013414,0.005708,0.014208
2022-08-01,-0.002154,4.1e-05,-0.002823
2022-08-02,-0.005244,0.003821,-0.006662
2022-08-03,0.014969,0.014302,0.015639
2022-08-04,-0.000469,0.004259,-0.000777
2022-08-05,-0.000378,0.00531,-0.001626
2022-08-08,0.001213,0.009318,-0.001238
2022-08-09,-0.006349,-0.013252,-0.004249
2022-08-10,0.022615,0.021278,0.021291
2022-08-11,-0.000224,0.003621,-0.000705
2022-08-12,0.016857,0.01363,0.017322
2022-08-15,0.002804,0.001988,0.003969
2022-08-16,0.001907,-0.001821,0.001876
2022-08-17,-0.00919,-0.012785,-0.007238
2022-08-18,0.002709,0.00217,0.00227
2022-08-19,-0.01464,-0.01799,-0.0129
2022-08-22,-0.020292,-0.016149,-0.0214
2022-08-23,-0.000707,0.002982,-0.002238
2022-08-24,0.003947,0.00736,0.002916
2022-08-25,0.014208,0.010611,0.014092
2022-08-26,-0.031867,-0.023938,-0.033688
2022-08-29,-0.006512,-0.005659,-0.006666
2022-08-30,-0.011447,-0.012023,-0.011028
2022-08-31,-0.007189,-0.002479,-0.007817
2022-09-01,-0.001093,-0.009851,0.002996
2022-09-02,-0.008552,-0.004037,-0.010737
2022-09-06,-0.004937,-0.00864,-0.004095
2022-09-07,0.018279,0.014478,0.018341
2022-09-08,0.007387,0.006252,0.006611
2022-09-09,0.016683,0.015483,0.015271
2022-09-12,0.010793,0.008578,0.010584
2022-09-13,-0.04055,-0.027192,-0.043237
2022-09-14,0.003995,0.000535,0.003387
2022-09-15,-0.010278,-0.005651,-0.011318
2022-09-16,-0.009523,-0.014129,-0.007182
2022-09-19,0.006945,-0.001124,0.006857
2022-09-20,-0.012176,-0.013387,-0.011272
2022-09-21,-0.015952,-0.012529,-0.017117
2022-09-22,-0.011461,-0.017337,-0.008428
2022-09-23,-0.019087,-0.022913,-0.017233
2022-09-26,-0.011469,-0.013512,-0.010341
2022-09-27,-0.00073,0.001846,-0.00212
2022-09-28,0.021612,0.022669,0.019672
2022-09-29,-0.020934,-0.019556,-0.021126
2022-09-30,-0.012297,-0.004068,-0.015067
2022-10-03,0.025437,0.020441,0.025884
2022-10-04,0.032369,0.030581,0.030584
2022-10-05,-0.003162,-0.004575,-0.002018
2022-10-06,-0.009342,-0.004077,-0.010245
2022-10-07,-0.027375,-0.023965,-0.028004
2022-10-10,-0.008193,-0.009718,-0.007492
2022-10-11,-0.006415,-0.005654,-0.006519
2022-10-12,-0.002909,-0.001043,-0.003291
2022-10-13,0.02343,0.013601,0.025966
2022-10-14,-0.02371,-0.018166,-0.023663
2022-10-17,0.026731,0.02004,0.02648
2022-10-18,0.011592,0.008469,0.011428
2022-10-19,-0.008946,-0.014353,-0.006672
2022-10-20,-0.007498,-0.004555,-0.007951
2022-10-21,0.022119,0.012484,0.023725
2022-10-24,0.008701,-0.003333,0.011882
2022-10-25,0.01829,0.022517,0.016267
2022-10-26,-0.004575,0.004725,-0.007388
2022-10-27,-0.004139,-0.001551,-0.006083
2022-10-28,0.021281,0.011624,0.024626
2022-10-31,-0.005972,-0.002005,-0.007454
2022-11-01,-0.002194,0.003938,-0.004101
2022-11-02,-0.025073,-0.020792,-0.025002
2022-11-03,-0.008895,-0.003951,-0.010586
2022-11-04,0.013226,0.009348,0.013619
2022-11-07,0.008101,0.003382,0.009614
2022-11-08,0.005273,-0.000576,0.005598
2022-11-09,-0.021136,-0.02347,-0.020778
2022-11-10,0.055288,0.04409,0.055435
2022-11-11,0.010538,0.016071,0.009241
2022-11-14,-0.009507,-0.006578,-0.008936
2022-11-15,0.010174,0.010383,0.008713
2022-11-16,-0.009704,-0.013796,-0.008252
2022-11-17,-0.004122,-0.006169,-0.003089
2022-11-18,0.004185,0.000658,0.004759
2022-11-21,-0.004588,-0.007304,-0.003884
2022-11-22,0.013241,0.006866,0.01358
2022-11-23,0.005918,0.00597,0.005915
2022-11-25,0.000406,0.00303,-0.000283
2022-11-28,-0.015647,-0.014113,-0.015444
2022-11-29,-0.000744,0.002548,-0.001592
2022-11-30,0.029413,0.02056,0.030948
2022-12-01,0.000229,0.002523,-0.000868
2022-12-02,-0.000581,0.005174,-0.001195
2022-12-05,-0.019456,-0.017511,-0.017894
2022-12-06,-0.014051,-0.012792,-0.014399
2022-12-07,-0.001929,-0.004659,-0.001862
2022-12-08,0.007368,0.005598,0.007522
2022-12-09,-0.007468,-0.004385,-0.00735
2022-12-12,0.013023,0.006047,0.014279
2022-12-13,0.007299,0.005193,0.00729
2022-12-14,-0.005473,-0.004224,-0.006053
2022-12-15,-0.024078,-0.017985,-0.024922
2022-12-16,-0.010349,-0.007406,-0.011138
2022-12-19,-0.009614,-0.014495,-0.009007
2022-12-20,0.001879,0.001102,0.001037
2022-12-21,0.014642,0.010713,0.014868
2022-12-22,-0.014002,-0.009473,-0.014452
2022-12-23,0.005465,0.002459,0.005868
2022-12-27,-0.00393,-0.008489,-0.00405
2022-12-28,-0.012364,-0.010297,-0.012021
2022-12-29,0.018339,0.022834,0.017461
2022-12-30,-0.002451,0.003808,-0.002541
2023-01-03,-0.003934,0.005062,-0.004001
2023-01-04,0.009553,0.018657,0.007539
2023-01-05,-0.01097,-0.004115,-0.011646
2023-01-06,0.022257,0.017645,0.022841
2023-01-09,0.001059,0.00719,-0.000768
2023-01-10,0.007317,0.013026,0.006978
2023-01-11,0.012571,0.011686,0.012849
2023-01-12,0.005718,0.014703,0.003416
2023-01-13,0.004322,0.007841,0.003997
2023-01-17,-0.001146,0.002261,-0.00203
2023-01-18,-0.014241,-0.012161,-0.015563
2023-01-19,-0.007486,-0.006112,-0.007638
2023-01-20,0.018067,0.014679,0.018918
2023-01-23,0.011763,0.010128,0.011881
2023-01-24,-0.001146,-0.000988,-0.000711
2023-01-25,0.000339,0.001542,-0.000182
2023-01-26,0.010381,0.005295,0.011008
2023-01-27,0.003473,0.005432,0.002495
2023-01-30,-0.012975,-0.010138,-0.012969
2023-01-31,0.01555,0.016344,0.014642
2023-02-01,0.011137,0.012678,0.010452
2023-02-02,0.0138,0.01354,0.014699
2023-02-03,-0.010632,-0.007167,-0.010355
2023-02-06,-0.007223,-0.007359,-0.00614
2023-02-07,0.011465,0.004813,0.012873
2023-02-08,-0.010374,-0.0103,-0.011081
2023-02-09,-0.00885,-0.011912,-0.00883
2023-02-10,0.001496,-0.002506,0.002195
2023-02-13,0.01086,0.00505,0.011449
2023-02-14,0.000941,0.000475,-0.00028
2023-02-15,0.004435,0.007186,0.002773
2023-02-16,-0.012705,-0.007559,-0.013789
2023-02-17,-0.002933,-0.001381,-0.002767
2023-02-21,-0.020457,-0.021847,-0.020041
2023-02-22,-0.000607,-0.000428,-0.001574
2023-02-23,0.004871,0.003045,0.005329
2023-02-24,-0.01016,-0.012812,-0.010538
2023-02-27,0.003327,0.0036,0.003073
2023-02-28,-0.002576,0.000582,-0.003036
2023-03-01,-0.003159,-0.001274,-0.004725
2023-03-02,0.006503,0.002479,0.007582
2023-03-03,0.015546,0.012266,0.016148
2023-03-06,-0.00175,-0.007068,0.000687
2023-03-07,-0.014599,-0.010122,-0.015327
2023-03-08,0.00127,-0.00152,0.001415
2023-03-09,-0.019276,-0.021551,-0.018459
2023-03-10,-0.016483,-0.023032,-0.014478
2023-03-13,-0.003098,-0.009576,-0.00151
2023-03-14,0.015863,0.009278,0.016477
2023-03-15,-0.009262,-0.015317,-0.006981
2023-03-16,0.016293,0.010546,0.017562
2023-03-17,-0.012043,-0.015876,-0.011019
2023-03-20,0.008716,0.001261,0.008918
2023-03-21,0.013857,0.016795,0.012982
2023-03-22,-0.01642,-0.014646,-0.016463
2023-03-23,0.001793,-0.00148,0.002985
2023-03-24,0.004737,0.002874,0.00564
2023-03-27,0.003207,0.005019,0.001647
2023-03-28,-0.000817,-0.000513,-0.001574
2023-03-29,0.013802,0.010908,0.014237
2023-03-30,0.005538,0.003078,0.005715
2023-03-31,0.014614,0.011948,0.014437
2023-04-03,0.003122,0.001672,0.003699
2023-04-04,-0.006606,-0.010662,-0.005797
2023-04-05,-0.004045,-0.008869,-0.002492
2023-04-06,0.003105,0.003466,0.003579
2023-04-10,0.002154,0.00597,0.000996
2023-04-11,0.001796,0.007144,-4.1e-05
2023-04-12,-0.003977,-0.005078,-0.004135
2023-04-13,0.012827,0.012877,0.013263
2023-04-14,-0.00272,-0.004618,-0.002069
2023-04-17,0.003645,0.007969,0.003306
2023-04-18,0.000652,-0.001864,0.000855
2023-04-19,-0.000454,-0.001456,-8.4e-05
2023-04-20,-0.005743,-0.006877,-0.005953
2023-04-21,0.000615,-0.001234,0.000903
2023-04-24,0.00038,-0.002906,0.000852
2023-04-25,-0.016696,-0.018124,-0.015811
2023-04-26,-0.004091,-0.005488,-0.003841
2023-04-27,0.017335,0.010266,0.019566
2023-04-28,0.008072,0.010419,0.008253
2023-05-01,-0.000652,0.001283,-0.000386
2023-05-02,-0.01226,-0.013213,-0.011586
2023-05-03,-0.005189,0.000531,-0.006998
2023-05-04,-0.006837,-0.006119,-0.007219
2023-05-05,0.018739,0.018082,0.018475
2023-05-08,0.000849,0.002221,0.000452
2023-05-09,-0.003907,-0.001622,-0.004579
2023-05-10,0.004086,0.003745,0.004484
2023-05-11,-0.002566,-0.006936,-0.001697
2023-05-12,-0.001936,-0.005071,-0.001583
2023-05-15,0.005045,0.009355,0.002958
2023-05-16,-0.008106,-0.011928,-0.006378
2023-05-17,0.012329,0.013996,0.011891
2023-05-18,0.008474,0.00339,0.009445
2023-05-19,-0.00186,-0.000949,-0.001446
2023-05-22,0.001904,0.008546,0.000155
2023-05-23,-0.010454,-0.003083,-0.011222
2023-05-24,-0.008,-0.009387,-0.007319
2023-05-25,0.00495,-0.008997,0.008758
2023-05-26,0.01261,0.007922,0.013049
2023-05-30,-0.000231,-0.001041,1.7e-05
2023-05-31,-0.005725,-0.005191,-0.006109
2023-06-01,0.010187,0.009433,0.009854
2023-06-02,0.016242,0.020618,0.014534
2023-06-05,-0.002792,-0.00512,-0.002004
2023-06-06,0.005193,0.014317,0.002354
2023-06-07,-0.002024,0.006266,-0.003812
2023-06-08,0.005209,0.000931,0.006189
2023-06-09,9.8e-05,-0.004197,0.001148
2023-06-12,0.008518,0.005629,0.009321
2023-06-13,0.007512,0.008966,0.006933
2023-06-14,5.7e-05,-0.005231,0.000819
2023-06-15,0.011707,0.008909,0.012178
2023-06-16,-0.003788,-0.00198,-0.003672
2023-06-20,-0.005432,-0.006839,-0.004735
2023-06-21,-0.004712,-0.003638,-0.005245
2023-06-22,0.001811,-0.004701,0.003711
2023-06-23,-0.008474,-0.009603,-0.007659
2023-06-26,-0.002689,-0.001383,-0.004487
2023-06-27,0.011635,0.007286,0.011456
2023-06-28,0.000528,0.001215,-0.000354
2023-06-29,0.004747,0.006309,0.004474
2023-06-30,0.011089,0.005604,0.012269
2023-07-03,0.002105,0.006882,0.001171
2023-07-05,-0.003315,-0.006333,-0.001968
2023-07-06,-0.009672,-0.013608,-0.007923
2023-07-07,5e-06,0.010289,-0.002865
2023-07-10,0.004152,0.00909,0.002405
2023-07-11,0.007738,0.009107,0.006742
2023-07-12,0.007998,0.008816,0.007411
2023-07-13,0.009334,0.008519,0.00847
2023-07-14,-0.002944,-0.010092,-0.001024
2023-07-17,0.004496,0.005086,0.003855
2023-07-18,0.007299,0.006392,0.007117
2023-07-19,0.002571,0.003657,0.002358
2023-07-20,-0.007185,-0.006756,-0.006757
2023-07-21,6.9e-05,-0.000977,0.000324
2023-07-24,0.003273,0.000118,0.004034
2023-07-25,0.002307,-0.002021,0.002815
2023-07-26,0.000799,0.005517,-0.000155
2023-07-27,-0.007487,-0.01152,-0.006425
2023-07-28,0.010608,0.013323,0.009878
2023-07-31,0.003173,0.008267,0.001469
2023-08-01,-0.003671,-0.004377,-0.002665
2023-08-02,-0.014385,-0.013074,-0.01384
2023-08-03,-0.00237,-0.001952,-0.002548
2023-08-04,-0.004195,-0.00207,-0.0053
2023-08-07,0.007546,-0.001121,0.009024
2023-08-08,-0.004756,-0.004176,-0.004218
2023-08-09,-0.006457,-0.00596,-0.007039
2023-08-10,9.2e-05,-0.002073,0.000251
2023-08-11,-0.000907,-0.001429,-0.00107
2023-08-14,0.004055,-0.002848,0.00575
2023-08-15,-0.011781,-0.012966,-0.011551
2023-08-16,-0.007891,-0.010044,-0.007555
2023-08-17,-0.008395,-0.007525,-0.007713
2023-08-18,0.000602,0.000827,-0.000149
2023-08-21,0.00554,-0.000169,0.006879
2023-08-22,-0.001892,-0.003236,-0.002777
2023-08-23,0.011033,0.008529,0.011045
2023-08-24,-0.012548,-0.011328,-0.013458
2023-08-25,0.007025,0.001559,0.006718
2023-08-28,0.007092,0.005391,0.006265
2023-08-29,0.013164,0.012613,0.014508
2023-08-30,0.003824,0.003346,0.003833
2023-08-31,-0.001065,-0.001883,-0.001597
2023-09-01,0.002776,0.00593,0.001799
2023-09-05,-0.006126,-0.009656,-0.004194
2023-09-06,-0.006391,-0.006598,-0.006972
2023-09-07,-0.003839,-0.007888,-0.003211
2023-09-08,0.001012,-0.002062,0.001427
2023-09-11,0.006483,0.002544,0.006724
2023-09-12,-0.004767,-0.001701,-0.005696
2023-09-13,5e-06,-0.005292,0.001242
2023-09-14,0.008998,0.009325,0.00843
2023-09-15,-0.010526,-0.00516,-0.01216
2023-09-18,-0.000425,-0.006305,0.000721
2023-09-19,-0.002633,-0.003257,-0.002151
2023-09-20,-0.008244,-0.006373,-0.009395
2023-09-21,-0.016903,-0.013885,-0.016401
2023-09-22,-0.001882,-0.002873,-0.002296
2023-09-25,0.003394,-0.001515,0.004023
2023-09-26,-0.014143,-0.008325,-0.014735
2023-09-27,0.00106,0.001696,0.000229
2023-09-28,0.006627,0.004663,0.005893
2023-09-29,-0.002633,0.000677,-0.002709
2023-10-02,-0.003498,-0.011886,7.9e-05
2023-10-03,-0.014349,-0.015225,-0.013744
2023-10-04,0.007075,0.001074,0.00811
2023-10-05,-0.000735,-0.00091,-0.001304
2023-10-06,0.011483,0.007495,0.011815
2023-10-09,0.00612,0.000943,0.006304
2023-10-10,0.00647,0.009906,0.005208
2023-10-11,0.003842,0.002814,0.004293
2023-10-12,-0.008455,-0.013191,-0.006246
2023-10-13,-0.005077,-0.004184,-0.005019
2023-10-16,0.010957,0.008919,0.010594
2023-10-17,0.001091,0.005945,-9.8e-05
2023-10-18,-0.014619,-0.015364,-0.0134
2023-10-19,-0.009179,-0.012693,-0.008483
2023-10-20,-0.012193,-0.01018,-0.012585
2023-10-23,-0.002426,-0.008234,-0.001686
2023-10-24,0.00695,0.006891,0.007266
2023-10-25,-0.014672,-0.01273,-0.01434
2023-10-26,-0.009124,-0.002212,-0.011833
2023-10-27,-0.005494,-0.009087,-0.0048
2023-10-30,0.010716,0.006928,0.01201
2023-10-31,0.006299,0.005594,0.006475
2023-11-01,0.009644,0.002807,0.010506
2023-11-02,0.020161,0.022173,0.018859
2023-11-03,0.011695,0.020834,0.009394
2023-11-06,-0.00078,-0.006333,0.001753
2023-11-07,0.002356,-0.000743,0.00284
2023-11-08,-0.000411,-0.006357,0.001005
2023-11-09,-0.008442,-0.01481,-0.008084
2023-11-10,0.013967,0.004125,0.015616
2023-11-13,-0.00033,0.000302,-0.000836
2023-11-14,0.022835,0.031136,0.019075
2023-11-15,0.001954,0.005529,0.001597
2023-11-16,-0.001165,-0.007663,0.00119
2023-11-17,0.00333,0.009963,0.001282
2023-11-20,0.007017,0.007068,0.00739
2023-11-21,-0.002977,-0.007833,-0.002021
2023-11-22,0.004067,0.004612,0.004061
2023-11-24,0.001708,0.008853,0.000597
2023-11-27,-0.001871,-0.003208,-0.001954
2023-11-28,0.000915,0.001167,0.00098
2023-11-29,0.001082,0.006047,-0.000946
2023-11-30,0.003946,0.001808,0.003784
2023-12-01,0.009181,0.019252,0.005874
2023-12-04,-0.003913,0.004928,-0.005408
2023-12-05,-0.002322,-0.008439,-0.000569
2023-12-06,-0.003542,0.000125,-0.003906
2023-12-07,0.007297,0.003563,0.007968
2023-12-08,0.004205,0.003196,0.004095
2023-12-11,0.00369,-0.004576,0.003925
2023-12-12,0.003133,-0.00421,0.004599
2023-12-13,0.0162,0.022396,0.013651
2023-12-14,0.006931,0.01816,0.002647
2023-12-15,-0.001579,-0.005318,-7.6e-05
2023-12-18,0.003856,-0.000888,0.004528
2023-12-19,0.007711,0.012567,0.005866
2023-12-20,-0.014802,-0.011489,-0.014684
2023-12-21,0.011213,0.013642,0.010302
2023-12-22,0.002434,0.007676,0.00166
2023-12-26,0.005223,0.009674,0.004232
2023-12-27,0.001989,0.005277,0.00143
2023-12-28,-0.000111,0.002042,0.00037
2023-12-29,-0.004049,-0.00748,-0.002826
